variance,skewness,curtosis,entropy,class
-0.048008,-1.6037,8.4756,0.75558,0
2.5227,2.2369,2.7236,0.79438,0
2.0597,-0.99326,5.2119,-0.29312,0
-0.036127,1.525,-1.4089,-0.76121,1
-6.651,6.7934,0.68604,-7.5887,1
2.5635,6.7769,-0.61979,0.38576,0
-2.286,-5.4484,5.8039,0.88231,1
2.8523,9.0096,-3.761,-3.3371,0
-2.5754,-5.6574,6.103,0.65214,1
4.6352,-3.0087,2.6773,1.212,0
2.3925,9.798,-3.0361,-2.8224,0
2.6881,6.0195,-0.46641,-0.69268,0
4.7181,10.0153,-3.9486,-3.8582,0
-2.9915,-6.6258,8.6521,1.8198,1
0.77805,6.6424,-1.1425,-1.0573,0
1.8314,6.3672,-0.036278,0.049554,0
-4.244,-13.0634,17.1116,-2.8017,1
3.5438,1.2395,1.997,2.1547,0
-1.7322,-9.2828,7.719,-1.7168,1
-0.77848,3.4019,-3.4859,-3.5569,1
3.2303,7.8384,-3.5348,-1.2151,0
-6.5773,6.8017,0.85483,-7.5344,1
4.65,-4.8297,3.4553,-0.25174,0
0.6818,4.8504,-5.2133,-6.1043,1
4.8368,10.0132,-4.3239,-4.3276,0
4.3937,0.35798,2.0416,1.2004,0
-0.8734,1.6533,-2.1964,-0.78061,1
-4.6338,-12.7509,16.7166,-3.2168,1
-0.28696,3.1784,-3.5767,-3.1896,1
-2.234,-7.0314,7.4936,0.61334,1
1.0987,0.6394,5.989,-0.58277,0
-1.8974,3.5074,-1.7842,-3.8491,1
-1.9116,-6.1603,5.606,0.48533,1
-1.4106,-7.108,5.6454,0.31335,1
-0.025314,-0.17383,-0.11339,1.2198,1
3.3848,3.2674,0.90967,0.25128,0
1.143,0.83391,5.4552,-0.56984,0
-2.1668,1.5933,0.045122,-1.678,1
5.2868,3.257,-1.3721,1.1668,0
4.1711,8.722,-3.0224,-0.59699,0
0.74054,0.36625,2.1992,0.48403,0
4.4682,2.2907,0.95766,0.83058,0
-1.3995,-1.9162,2.5154,0.59912,1
-1.5851,-2.1562,1.7082,0.9017,1
0.066129,2.4914,-2.9401,-0.62156,1
-3.3793,-13.7731,17.9274,-2.0323,1
-0.10648,-0.76771,7.7575,0.64179,0
-6.4247,9.5311,0.022844,-6.8517,1
1.3638,-4.7759,8.4182,-1.8836,0
0.9297,-3.7971,4.6429,-0.2957,0
-1.5222,10.8409,2.7827,-4.0974,0
3.5152,6.8224,-0.67377,-0.46898,0
-2.4365,3.6026,-1.4166,-2.8948,1
5.2012,0.32694,0.17965,1.1797,0
-2.2527,11.5321,2.5899,-3.2737,0
0.5195,-3.2633,3.0895,-0.9849,0
-2.3797,-1.4402,1.1273,0.16076,1
-1.979,3.2301,-1.3575,-2.5819,1
1.5077,1.9596,-3.0584,-0.12243,1
0.87256,9.2931,-0.7843,-2.1978,0
-3.9204,4.0723,-0.23678,-2.1151,1
3.5761,9.7753,-3.9795,-3.4638,0
-3.5801,-12.9309,13.1779,-2.5677,1
2.1881,2.7356,1.3278,-0.1832,0
2.565,8.633,-2.9941,-1.3082,0
4.7114,2.0755,-0.2702,1.2379,0
-1.2667,2.8183,-2.426,-1.8862,1
2.5581,2.6218,1.8513,0.40257,0
0.3434,0.12415,-0.28733,0.14654,1
-1.3612,10.694,1.7022,-2.9026,0
4.0715,7.6398,-2.0824,-1.1698,0
0.7049,0.17174,-1.7859,0.36119,1
0.67886,4.1199,-4.569,-4.1414,1
-2.8833,1.7713,0.68946,-0.4638,1
3.946,6.8514,-1.5443,-0.5582,0
5.9374,6.1664,-2.5905,-0.36553,0
2.5605,9.2683,-3.5913,-1.356,0
4.8451,8.1116,-2.9512,-1.4724,0
-1.6001,-9.5828,9.4044,0.081882,1
-1.3887,-4.8773,6.4774,0.34179,1
3.9232,-3.2467,3.4579,0.83705,0
-0.39816,5.9781,1.3912,-1.1621,0
4.5691,-4.4552,3.1769,0.0042961,0
1.5799,-4.7076,7.9186,-1.5487,0
3.6181,-3.7454,2.8273,-0.71208,0
1.6849,8.7489,-1.2641,-1.3858,0
5.7403,-0.44284,0.38015,1.3763,0
-2.2482,3.0915,-2.3969,-2.6711,1
4.9852,8.3516,-2.5425,-1.2823,0
-2.6479,10.1374,-1.331,-5.4707,0
-4.9462,3.5716,0.82742,-1.4957,1
-0.47465,-4.3496,1.9901,0.7517,1
2.0007,1.8644,2.6491,0.47369,0
-0.96511,9.4111,1.7305,-4.8629,0
2.4008,9.3593,-3.3565,-3.3526,0
1.7425,3.6833,-4.0129,-1.7207,1
0.58836,10.7727,-1.3884,-4.3276,0
2.805,0.57732,1.3424,1.2133,0
1.8373,6.1292,0.84027,0.55257,0
5.6272,10.0857,-4.2931,-3.8142,0
4.988,7.2052,-3.2846,-1.1608,0
-2.0962,-7.1059,6.6188,-0.33708,1
1.5268,-5.5871,8.6564,-1.722,0
-0.2361,9.3221,2.1307,-4.3793,0
2.8672,10.0008,-3.2049,-3.1095,0
-1.5055,0.070346,6.8681,-0.50648,0
5.3586,3.7557,-1.7345,1.0789,0
5.2756,0.13863,0.12138,1.1435,0
0.26517,2.4066,-2.8416,-0.59958,1
-2.5912,-0.10554,1.2798,1.0414,1
-2.0897,10.8265,2.3603,-3.4198,0
-3.551,1.8955,0.1865,-2.4409,1
-3.6053,-5.974,10.0916,-0.82846,1
-1.0833,-0.31247,1.2815,0.41291,1
-0.83535,0.80494,-1.6411,-0.19225,1
0.87603,6.8141,0.84198,-0.17156,0
3.8197,8.9951,-4.383,-4.0327,0
-1.749,-6.332,6.0987,0.14266,1
-1.7582,2.7397,-2.5323,-2.234,1
0.27451,9.2186,-3.2863,-4.8448,0
0.96788,7.1907,1.2798,-2.4565,0
-1.5681,-7.2446,6.5537,-0.1276,1
3.9262,6.0299,-2.0156,-0.065531,0
0.55298,-3.4619,1.7048,1.1008,1
-1.4446,2.1438,-0.47241,-1.6677,1
1.518,5.6946,0.094818,-0.026738,0
-2.1802,3.3791,-1.2256,-2.6621,1
-2.565,-5.7899,6.0122,0.046968,1
2.2546,8.0992,-0.24877,-3.2698,0
-1.8448,1.254,0.27218,-1.0728,1
1.6349,3.286,2.8753,0.087054,0
2.0153,0.43661,4.5864,-0.3151,0
4.0962,10.1891,-3.9323,-4.1827,0
-0.36279,8.2895,-1.9213,-3.3332,0
-1.0802,2.1996,-2.5862,-1.2759,1
-2.4604,12.7302,0.91738,-7.6418,0
-0.95923,-6.7128,4.9857,0.32886,1
-2.5419,-0.65804,2.6842,1.1952,1
0.50813,0.47799,-1.9804,0.57714,1
-7.0364,9.2931,0.16594,-4.5396,1
-4.1429,2.7749,0.68261,-0.71984,1
-5.4808,8.1819,0.27818,-5.0323,1
-1.1306,1.8458,-1.3575,-1.3806,1
3.245,6.63,-0.63435,0.86937,0
2.877,-4.0599,3.6259,-0.32544,0
-0.33729,-0.64976,7.6659,0.72326,0
5.1302,8.6703,-2.8913,-1.5086,0
-3.1423,-13.0365,15.6773,-0.66165,1
-3.5895,-6.572,10.5251,-0.16381,1
-1.1804,11.5093,0.15565,-6.8194,0
0.39012,-0.14279,-0.031994,0.35084,1
-2.1234,1.1815,-0.55552,-0.81165,1
-1.8046,-6.8141,6.7019,1.1681,1
2.1943,4.5503,-4.976,-2.7254,1
0.24835,7.6439,0.9885,-0.87371,0
-2.0046,-0.49457,1.333,1.6543,1
0.32924,-4.4552,4.5718,-0.9888,0
4.2586,11.2962,-4.0943,-4.3457,0
3.2692,3.4184,0.20706,-0.066824,0
-1.3,10.2678,-2.953,-5.8638,0
2.4673,1.3926,1.7125,0.41421,0
5.0691,0.21313,0.20278,1.2095,0
1.6032,-4.7863,8.5193,-2.1203,0
-2.7338,0.45523,2.4391,0.21766,1
2.6606,3.1681,1.9619,0.18662,0
0.49571,10.2243,-1.097,-4.0159,0
4.1757,10.2615,-3.8552,-4.3056,0
0.4283,-0.94981,-1.0731,0.3211,1
-2.3983,12.606,2.9464,-5.7888,0
2.1464,6.0795,-0.5778,-2.2302,0
0.89512,4.7738,-4.8431,-5.5909,1
0.86202,2.6963,4.2908,0.54739,0
-3.0799,0.60836,2.7039,-0.23751,1
3.4663,1.1112,1.7425,1.3388,0
-2.2173,1.4671,-0.72689,-1.1724,1
-3.6817,3.2239,-0.69347,-3.4004,1
-0.36025,-4.449,2.1067,0.94308,1
-0.27068,3.2674,-3.5562,-3.0888,1
1.8994,0.97462,4.2265,0.81377,0
4.1373,0.49248,1.093,1.8276,0
1.3049,-0.15521,6.4911,-0.75346,0
-0.24037,-1.7837,2.135,1.2418,1
3.1557,2.8908,0.59693,0.79825,0
2.0051,-6.8638,8.132,-0.2401,0
1.645,7.8612,-0.87598,-3.5569,0
-1.5078,-7.3191,7.8981,1.2289,1
0.85574,0.0082678,6.6042,-0.53104,0
2.2526,9.9636,-3.1749,-2.9944,0
-1.0401,9.3987,0.85998,-5.3336,0
1.3183,1.9017,-3.3111,0.065071,1
-2.4561,-4.5566,6.4534,-0.056479,1
4.0446,11.1741,-4.3582,-4.7401,0
-3.4605,2.6901,0.16165,-1.0224,1
-0.21394,-0.68287,0.096532,1.1965,1
3.8969,7.4163,-1.8245,0.14007,0
-0.46651,2.3383,-2.9812,-1.0431,1
4.2899,9.1814,-4.6067,-4.3263,0
4.6361,-2.6611,2.8358,1.1991,0
-2.9662,-10.3257,8.784,-2.1138,1
-1.1497,1.2954,7.701,0.62627,0
-1.7713,-10.7665,10.2184,-1.0043,1
1.7939,-1.1174,1.5454,-0.26079,0
1.8205,6.7562,0.0099913,0.39481,0
3.966,3.9213,0.70574,0.33662,0
2.6562,10.7044,-3.3085,-4.0767,0
-5.1661,8.0433,0.044265,-4.4983,1
2.9543,1.076,0.64577,0.89394,0
-2.4458,1.6285,-0.88541,-1.4802,1
-4.577,3.4515,0.66719,-0.94742,1
0.40614,1.3492,-1.4501,-0.55949,1
3.106,9.5414,-4.2536,-4.003,0
-4.2091,4.7283,-0.49126,-5.2159,1
0.6005,1.9327,-3.2888,-0.32415,1
5.1213,8.5565,-3.3917,-1.5474,0
5.086,3.2798,-1.2701,1.1189,0
-3.8858,-12.8461,12.7957,-3.1353,1
-1.8584,7.886,-1.6643,-1.8384,0
-2.8267,-9.0407,9.0694,-0.98233,1
3.82,10.9279,-4.0112,-5.0284,0
-1.9881,0.99945,-0.28562,-0.70044,1
-0.4294,-0.14693,0.044265,-0.15605,1
-4.5531,-12.5854,15.4417,-1.4983,1
4.4069,10.9072,-4.5775,-4.4271,0
1.594,4.7055,1.3758,0.081882,0
-1.3907,-1.3781,2.3055,-0.021566,1
-3.8552,3.5219,-0.38415,-3.8608,1
3.9899,-2.7066,2.3946,0.86291,0
-0.21661,8.0329,1.8848,-3.8853,0
-0.38214,8.3909,2.1624,-3.7405,0
-0.88728,2.808,-3.1432,-1.2035,1
1.9429,6.3961,0.092248,0.58102,0
4.4338,9.887,-4.6795,-3.7483,0
-0.70867,-5.5602,4.0483,0.903,1
1.0607,2.4542,2.5188,-0.17027,0
1.5514,3.8013,-4.9143,-3.7483,1
1.2999,2.5762,2.0107,-0.18967,0
-3.3582,-7.2404,11.4419,-0.57113,1
-3.1128,-6.841,10.7402,-1.0172,1
-1.005,0.084831,-0.2462,0.45688,1
-2.5346,-0.77392,3.3602,0.00171,1
0.518,0.25865,-0.84085,0.96118,1
-1.803,11.8818,2.0458,-5.2728,0
1.3419,-4.4221,8.09,-1.7349,0
0.66365,-0.045533,-0.18794,0.23447,1
1.3114,4.5462,2.2935,0.22541,0
3.3577,-4.3062,6.0241,0.18274,0
3.6077,6.8576,-1.1622,0.28231,0
3.404,8.7261,-2.9915,-0.57242,0
1.9572,-5.1153,8.6127,-1.4297,0
4.5645,-3.6275,2.8684,0.27714,0
4.6439,-3.3729,2.5976,0.55257,0
0.3798,0.7098,0.7572,-0.4444,0
-6.9599,8.9931,0.2182,-4.572,1
-2.0754,1.2767,-0.64206,-1.2642,1
2.6415,7.586,-0.28562,-1.6677,0
4.3483,11.1079,-4.0857,-4.2539,0
-2.7028,1.6327,0.83598,-0.091393,1
-2.1333,1.5685,-0.084261,-1.7453,1
-0.062025,6.1975,1.099,-1.131,0
1.4276,8.3847,-2.0995,-1.9677,0
2.6799,3.1349,0.34073,0.58489,0
-1.6244,-6.3444,4.6575,0.16981,1
3.5189,6.332,-1.7791,-0.020273,0
-3.518,2.8763,0.1548,-1.2086,1
-0.3489,3.1929,-3.4054,-3.1832,1
1.4578,-0.08485,4.1785,0.59136,0
2.7391,7.4018,0.071684,-2.5302,0
-0.24745,1.9368,-2.4697,-0.80518,1
-5.4901,9.1048,-0.38758,-5.9763,1
-0.64326,2.4748,-2.9452,-1.0276,1
2.2928,9.0386,-3.2417,-1.2991,0
-0.75793,2.5349,-3.0464,-1.2629,1
-0.092194,0.39315,-0.32846,-0.13794,1
-3.7573,-8.2916,10.3032,0.38059,1
3.2704,6.9321,-1.0456,0.23447,0
5.8862,5.8747,-2.8167,-0.30087,0
-0.7869,9.5663,-3.7867,-7.5034,0
-1.4094,-2.1252,-0.10397,-0.19225,1
3.9772,0.33521,2.2566,2.1625,0
-1.9409,-8.6848,9.155,0.94049,1
5.032,8.2026,-2.6256,-1.0341,0
3.5358,6.7086,-0.81857,0.47886,0
-2.7083,-6.8266,7.5339,0.59007,1
0.045304,6.7334,1.0708,-0.9332,0
-0.81479,-5.7381,4.3919,0.3211,1
-1.1022,-5.8395,4.5641,0.68705,1
-0.95403,1.9824,-2.3163,-1.1957,1
-1.5228,-6.4789,5.7568,0.87325,1
5.4188,10.1457,-4.084,-3.6991,0
-6.2815,6.6651,0.52581,-7.0107,1
-2.9786,2.3445,0.52667,-0.40173,1
2.7213,7.05,-0.58808,0.41809,0
3.9364,10.5885,-3.725,-4.3133,0
3.577,2.4004,1.8908,0.73231,0
-0.12196,8.8068,0.94566,-4.2267,0
3.5912,3.0129,0.72888,0.56421,0
2.1616,-6.8804,8.1517,-0.081048,0
1.941,0.46351,4.6472,1.0879,0
2.2634,-4.4862,3.6558,-0.61251,0
2.0193,0.82356,4.6369,1.4202,0
4.1665,-0.4449,0.23448,0.27843,0
-1.9966,-9.5001,9.682,-0.12889,1
-1.7015,-0.010356,-0.99337,-0.53104,1
4.2969,7.617,-2.3874,-0.96164,0
-4.0173,-8.3123,12.4547,-1.4375,1
-3.0866,-6.6362,10.5405,-0.89182,1
0.81356,9.1566,-2.1492,-4.1814,0
3.9294,1.4112,1.8076,0.89782,0
1.9321,6.0423,0.26019,-2.053,0
-2.7769,-5.6967,5.9179,0.37671,1
3.744,0.79459,0.95851,1.0077,0
4.0552,-2.4583,2.2806,1.0323,0
-2.5463,3.1101,-0.83228,-3.0358,1
-2.7914,1.7734,6.7756,-0.39915,0
3.4647,-3.9172,3.9746,0.36119,0
-1.3274,9.498,2.4408,-5.2689,0
0.54777,10.3754,-1.5435,-4.1633,0
-1.2424,-1.7175,-0.52553,-0.21036,1
0.93584,8.8855,-1.6831,-1.6599,0
-3.3924,3.3564,-0.72004,-3.5233,1
5.0429,-0.52974,0.50439,1.106,0
-6.3364,9.2848,0.014275,-6.7844,1
0.14783,7.946,1.0742,-3.3409,0
4.1038,-4.8069,3.3491,-0.49225,0
-0.89569,3.0025,-3.6067,-3.4457,1
3.4893,6.69,-1.2042,-0.38751,0
1.8993,7.6625,0.15394,-3.1108,0
-1.5621,-2.2121,4.2591,0.27972,1
-2.902,-7.6563,11.8318,-0.84268,1
2.2429,-4.1427,5.2333,-0.40173,0
3.4591,11.112,-4.2039,-5.0931,0
-1.4572,9.1214,1.7425,-5.1241,0
0.0031201,-4.0061,1.7956,0.91722,1
-4.2249,6.2699,0.15822,-5.5457,1
3.4642,10.6878,-3.4071,-4.109,0
2.5367,2.599,2.0938,0.20085,0
4.0552,0.40143,1.4563,0.65343,0
1.1558,6.4003,1.5506,0.6961,0
-1.9458,11.2217,1.9079,-3.4405,0
-0.49281,3.0605,-1.8356,-2.834,1
-2.588,3.8654,-0.3336,-1.2797,1
-3.3553,0.35591,2.6473,-0.37846,1
-1.9555,0.20692,1.2473,-0.3707,1
0.38478,6.5989,-0.3336,-0.56466,0
3.4669,6.87,-1.0568,-0.73147,0
-5.1216,-5.3118,10.3846,-1.0612,1
3.757,-5.4236,3.8255,-1.2526,0
-0.53072,-0.097265,-0.21793,1.0426,1
-0.3481,-0.38696,-0.47841,0.62627,1
1.5456,8.5482,0.4187,-2.1784,0
-4.0786,2.9239,0.87026,-0.65389,1
0.75736,3.0294,2.9164,-0.068117,0
-4.1479,7.1225,-0.083404,-6.4172,1
-6.3679,8.0102,0.4247,-3.2207,1
-4.8861,7.0542,-0.17252,-6.959,1
0.52855,0.96427,4.0243,-1.0483,0
3.2051,8.6889,-2.9033,-0.7819,0
1.9157,6.0816,0.23705,-2.0116,0
-3.0986,-10.4602,8.9717,-2.3427,1
4.5447,8.2274,-2.4166,-1.5875,0
3.6244,1.4609,1.3501,1.9284,0
5.8519,5.3905,-2.4037,-0.061652,0
1.6426,3.0149,0.22849,-0.147,0
-2.2153,11.9625,0.078538,-7.7853,0
-2.4824,-7.3046,6.839,-0.59053,1
-1.6936,2.7852,-2.1835,-1.9276,1
1.8799,2.4707,2.4931,0.37671,0
1.2309,3.8923,-4.8277,-4.0069,1
0.21084,9.4359,-0.094543,-1.859,0
2.2034,5.9947,0.53009,0.84998,0
-2.9146,4.0537,-0.45699,-4.0327,1
-5.119,6.6486,-0.049987,-6.5206,1
0.3292,-4.4552,4.5718,-0.9888,0
-1.1005,-7.2508,6.0139,0.36895,1
0.6005,0.99945,-2.2126,0.097399,1
-1.7549,-0.080711,-0.75774,-0.3707,1
1.8216,-6.4748,8.0514,-0.41855,0
2.8261,9.4007,-3.3034,-1.0509,0
2.5817,9.7546,-3.1749,-2.9957,0
0.98296,3.4226,-3.9692,-1.7116,1
2.8969,0.70768,2.29,1.8663,0
-0.13144,-1.7775,8.3316,0.35214,0
-1.5572,-9.8808,8.1088,-1.0806,1
1.0191,2.33,4.9334,0.82929,0
-1.4174,-2.2535,1.518,0.61981,1
3.4092,5.4049,-2.5228,-0.89958,0
1.2706,8.035,-0.19651,-2.1888,0
0.74428,-3.7723,1.6131,1.5754,1
-3.8483,-12.8047,15.6824,-1.281,1
1.3754,8.8793,-1.9136,-0.53751,0
2.2504,3.5757,0.35273,0.2836,0
0.53936,3.8944,-4.8166,-4.3418,1
2.9163,10.8306,-3.3437,-4.122,0
3.4769,-0.15314,2.53,2.4495,0
-0.048008,-0.56078,7.7215,0.453,0
-2.4835,-7.4494,6.8964,-0.64484,1
-3.9411,-12.8792,13.0597,-3.3125,1
2.8232,10.8513,-3.1466,-3.9784,0
1.7748,-0.76978,5.5854,1.3039,0
2.0177,1.7982,-2.9581,0.2099,1
1.0284,9.767,-1.3687,-1.7853,0
-0.38388,-1.0471,8.0514,0.49567,0
-3.2305,-7.2135,11.6433,-0.94613,1
4.7965,6.9859,-1.9967,-0.35001,0
-2.5701,-6.8452,8.9999,2.1353,1
-3.793,-12.7095,12.7957,-2.825,1
5.7867,7.8902,-2.6196,-0.48708,0
-0.1269,-1.1505,-0.95138,0.57843,1
-3.2854,4.0372,-0.45356,-1.8228,1
0.59823,3.5012,-3.9795,-1.7841,1
-2.7143,11.4535,2.1092,-3.9629,0
4.5597,-2.4211,2.6413,1.6168,0
-0.62684,-6.301,4.7843,1.106,1
-2.4115,-9.1359,9.3444,-0.65259,1
-0.2062,9.2207,-3.7044,-6.8103,0
-0.40857,3.0977,-2.9607,-2.6892,1
4.6464,10.5326,-4.5852,-4.206,0
2.3066,3.5364,0.57551,0.41938,0
3.6894,9.887,-4.0788,-4.3664,0
3.7831,10.0526,-3.8869,-3.7366,0
0.96574,8.393,-1.361,-1.4659,0
-2.0631,-1.5147,1.219,0.44524,1
4.6499,7.6336,-1.9427,-0.37458,0
-4.0214,-12.8006,15.6199,-0.95647,1
-4.3773,-5.5167,10.939,-0.4082,1
4.8077,2.2327,-0.26334,1.5534,0
0.38251,6.8121,1.8128,-0.61251,0
-3.8952,3.8157,-0.31304,-3.8194,1
-0.27802,8.1881,-3.1338,-2.5276,0
3.6289,0.81322,1.6277,0.77627,0
0.2346,-4.5152,2.1195,1.4448,1
2.7161,-4.2006,4.1914,0.16981,0
2.2091,7.4556,-1.3284,-3.3021,0
-0.39416,-0.020702,-0.066267,-0.44699,1
2.8521,9.171,-3.6461,-1.2047,0
-2.0891,-0.48422,1.704,1.7435,1
1.164,3.913,-4.5544,-3.8672,1
5.1731,3.9606,-1.983,0.40774,0
3.1836,7.2321,-1.0713,-2.5909,0
-0.91718,9.9884,1.1804,-5.2263,0
3.7758,7.1783,-1.5195,0.40128,0
0.74841,7.2756,1.1504,-0.5388,0
0.27331,4.8773,-4.9194,-5.8198,1
1.2616,4.4303,-1.3335,-1.7517,0
-1.3414,-2.0776,2.8093,0.60688,1
-0.49948,1.7734,-2.2469,-0.68104,1
-1.7559,11.9459,3.0946,-4.8978,0
0.11686,3.735,-4.4379,-4.3741,1
4.8265,0.80287,1.6371,1.1875,0
-1.4628,-1.5706,2.4357,0.49826,1
-3.2051,-0.14279,0.97565,0.045675,1
0.81583,4.84,-5.2613,-6.0823,1
1.581,0.86909,-2.3138,0.82412,1
4.1927,-3.2674,2.5839,0.21766,0
-2.2617,-4.7428,6.3489,0.11162,1
-1.6677,-7.1535,7.8929,0.96765,1
-1.8187,-9.0366,9.0162,-0.12243,1
2.5331,2.9135,-0.822,-0.12243,0
3.7321,-3.884,3.3577,-0.0060486,0
4.0215,-2.7004,2.4957,0.36636,0
-2.0545,-10.8679,9.4926,-1.4116,1
3.8213,0.23175,2.0133,2.0564,0
-2.484,12.1611,2.8204,-3.7418,0
4.0215,-2.1914,2.4648,1.1409,0
2.6463,-4.8152,6.3549,0.003003,0
-6.7387,6.9879,0.67833,-7.5887,1
-0.16735,7.6274,1.2061,-3.6241,0
3.5156,10.1891,-4.2759,-4.978,0
6.8248,5.2187,-2.5425,0.5461,0
-5.0301,7.5032,-0.13396,-7.5034,1
-1.0112,2.9984,-1.1664,-1.6185,1
-3.5713,-12.4922,14.8881,-0.47027,1
4.9264,5.496,-2.4774,-0.50648,0
3.3583,10.3567,-3.7301,-3.6991,0
-0.014902,-1.0243,-0.94024,0.64955,1
0.77765,5.9781,1.1941,-0.3526,0
1.3451,0.23589,-1.8785,1.3258,1
-2.0042,-9.3676,9.3333,-0.10303,1
3.9382,0.9291,0.78543,0.6767,0
-0.53966,7.3273,0.46583,-1.4543,0
-1.4375,-1.8624,4.026,0.55127,1
1.6988,2.9094,2.9044,0.11033,0
-0.55008,2.8659,-1.6488,-2.4319,1
-1.8411,10.8306,2.769,-3.0901,0
4.0932,5.4132,-1.8219,0.23576,0
0.74521,3.6357,-4.4044,-4.1414,1
-0.69745,-1.7672,-0.34474,-0.12372,1
-2.0441,1.2271,0.18564,-1.091,1
1.7496,-0.1759,5.1827,1.2922,0
-4.4779,7.3708,-0.31218,-6.7754,1
4.0102,10.6568,-4.1388,-5.0646,0
-0.77995,3.2322,-3.282,-3.1004,1
2.3136,10.6651,-3.5288,-4.7672,0
1.5701,7.9129,0.29018,-2.1953,0
0.86736,5.5643,1.6765,-0.16769,0
-2.5899,-0.3911,0.93452,0.42972,1
-0.74324,-0.32902,-0.42785,0.23317,1
-1.3389,1.552,7.0806,1.031,0
0.5195,-3.2633,3.0895,-0.9849,0
3.8584,0.78425,1.1033,1.7008,0
-2.9498,-8.273,10.2646,1.1629,1
1.0235,6.901,-2.0062,-2.7125,0
1.4896,3.4288,-4.0309,-1.4259,1
3.1452,5.825,-0.51439,-1.4944,0
1.105,7.4432,0.41099,-3.0332,0
1.0182,9.109,-0.62064,-1.7129,0
-3.0265,-0.062088,0.68604,-0.055186,1
-2.4349,-9.2497,8.9922,-0.50001,1
0.11592,3.2219,-3.4302,-2.8457,1
1.5673,7.9274,-0.056842,-2.1694,0
0.76163,5.8209,1.1959,-0.64613,0
2.9719,6.8369,-0.2702,0.71291,0
2.9695,5.6222,0.27561,-1.1556,0
3.7798,-3.3109,2.6491,0.066365,0
2.2279,4.0951,-4.8037,-2.1112,1
2.9571,-4.5938,5.9068,0.57196,0
0.17346,7.8695,0.26876,-3.7883,0
0.25943,5.0097,-5.0394,-6.3862,1
4.5707,7.2094,-3.2794,-1.4944,0
-1.7104,-4.778,6.2109,0.3974,1
5.6084,10.3009,-4.8003,-4.3534,0
-2.4725,-0.40145,1.4855,1.1189,1
3.3299,0.91254,1.5806,0.39352,0
2.2517,-5.1422,4.2916,-1.2487,0
0.20977,-0.46146,7.7267,0.90946,0
1.4378,0.66837,-2.0267,1.0271,1
-1.8356,-6.7562,5.0585,-0.55044,1
-3.1158,-8.6289,10.4403,0.97153,1
3.4916,8.5709,-3.0326,-0.59182,0
1.5356,9.1772,-2.2718,-0.73535,0
-2.4473,12.6247,0.73573,-7.6612,0
-3.7181,-8.5089,12.363,-0.95518,1
-0.61442,-0.091058,-0.31818,0.50214,1
3.8417,10.0215,-4.2699,-4.9159,0
-5.3857,9.1214,-0.41929,-5.9181,1
2.5698,-4.4076,5.9856,0.078002,0
-0.16682,5.8974,0.49839,-0.70044,0
-1.9423,0.3766,-1.2898,-0.82458,1
1.7747,-6.4334,8.15,-0.89828,0
3.6667,4.302,0.55923,0.33791,0
-1.6988,-7.1163,5.7902,0.16723,1
3.5862,-3.0957,2.8093,0.24481,0
1.3349,6.1189,0.46497,0.49826,0
-1.8387,-6.301,5.6506,0.19567,1
0.60731,3.9544,-4.772,-4.4853,1
-1.4427,3.2922,-1.9702,-3.4392,1
3.3397,-4.6145,3.9823,-0.23751,0
0.26877,4.987,-5.1508,-6.3913,1
-2.7419,11.4038,2.5394,-5.5793,0
0.21431,-0.69529,0.87711,0.29653,1
-1.8219,-6.8824,5.4681,0.057313,1
0.91315,3.3377,-4.0557,-1.6741,1
-1.8782,-6.5865,4.8486,-0.021566,1
-1.366,0.18416,0.90539,1.5806,1
-0.12624,10.3216,-3.7121,-6.1185,0
5.1776,8.2316,-3.2511,-1.5694,0
4.1736,3.3336,-1.4244,0.60429,0
-3.8073,-8.0971,10.1772,0.65084,1
-3.3458,-0.50491,2.6328,0.53705,1
-2.41,3.7433,-0.40215,-1.2953,1
1.1166,8.6496,-0.96252,-1.8112,0
3.5499,8.6165,-3.2794,-1.2009,0
5.1321,-0.031048,0.32616,1.1151,0
-2.7908,-5.7133,5.953,0.45946,1
5.438,9.4669,-4.9417,-3.9202,0
0.88444,6.5906,0.55837,-0.44182,0
-6.1536,7.9295,0.61663,-3.2646,1
-1.522,-6.6383,5.7491,-0.10691,1
2.6719,3.0646,0.37158,0.58619,0
4.2188,6.8162,-1.2804,0.76076,0
2.0922,-6.81,8.4636,-0.60216,0
-1.8584,7.886,-1.6643,-1.8384,0
1.3562,3.2136,4.3465,0.78662,0
-1.1193,10.7271,2.0938,-5.6504,0
2.4527,2.9653,0.20021,-0.056479,0
-6.2003,8.6806,0.0091344,-3.703,1
3.3669,-5.1856,3.6935,-1.1427,0
-1.9551,-6.9756,5.5383,-0.12889,1
-4.1409,3.4619,-0.47841,-3.8879,1
1.1588,8.9331,-2.0807,-1.1272,0
2.8209,7.3108,-0.81857,-1.8784,0
0.52374,3.644,-4.0746,-1.9909,1
-4.3876,-7.7267,11.9655,-1.4543,1
0.83292,7.5404,0.65005,-0.92544,0
-2.8957,-12.0205,11.9149,-2.7552,1
4.7072,8.2957,-2.5605,-1.4905,0
2.4226,-4.5752,5.947,0.21507,0
-2.5919,-1.0553,3.8949,0.77757,1
-0.83121,0.039307,0.05369,-0.23105,1
3.6575,7.2797,-2.2692,-1.144,0
-2.8829,3.8964,-0.1888,-1.1672,1
-4.8554,-5.9037,10.9818,-0.82199,1
3.0333,-2.5928,2.3183,0.303,0
-3.7244,1.9037,-0.035421,-2.5095,1
-2.4554,-9.0407,8.862,-0.86983,1
0.23874,2.0879,-3.3522,-0.66553,1
-5.873,9.1752,-0.27448,-6.0422,1
1.7257,-4.4697,8.2219,-1.8073,0
-2.6649,-12.813,12.6689,-1.9082,1
-1.7886,-6.3486,5.6154,0.42584,1
-0.77461,-1.8768,2.4023,1.1319,1
3.4566,9.5228,-4.0112,-3.5944,0
-1.9922,11.6542,2.6542,-5.2107,0
-1.786,-8.1157,7.0858,-1.2112,1
-1.5768,10.843,2.5462,-2.9362,0
2.6917,10.8161,-3.3,-4.2888,0
3.4246,-0.14693,0.80342,0.29136,0
4.052,-0.16555,0.45383,0.51248,0
-0.016103,9.7484,0.15394,-1.6134,0
-0.37013,-5.554,4.7749,1.547,1
0.88298,0.66009,6.0096,-0.43277,0
5.4944,1.5478,0.041694,1.9284,0
-4.0218,-8.304,12.555,-1.5099,1
-0.24811,-0.17797,4.9068,0.15429,0
3.1887,-3.4143,2.7742,-0.2026,0
3.2414,0.40971,1.4015,1.1952,0
1.9105,8.871,-2.3386,-0.75604,0
-0.278,8.1881,-3.1338,-2.5276,0
-3.7503,-13.4586,17.5932,-2.7771,1
-2.2918,-7.257,7.9597,0.9211,1
4.0329,0.23175,0.89082,1.1823,0
-3.5359,0.30417,0.6569,-0.2957,1
-0.8734,-0.033118,-0.20165,0.55774,1
-2.121,-0.05588,1.949,1.353,1
2.1265,6.8783,0.44784,-2.2224,0
3.1219,-3.137,1.9259,-0.37458,0
-3.2778,1.8023,0.1805,-2.3931,1
1.762,4.3682,2.1384,0.75429,0
2.0962,2.4769,1.9379,-0.040962,0
-3.2238,2.7935,0.32274,-0.86078,1
-1.6162,0.80908,8.1628,0.60817,0
3.2032,5.7588,-0.75345,-0.61251,0
-2.3361,11.9604,3.0835,-5.4435,0
3.4359,0.66216,2.1041,1.8922,0
1.2746,8.8172,-1.5323,-1.7957,0
4.6562,7.6398,-2.4243,-1.2384,0
3.2718,1.7837,2.1161,0.61334,0
-1.4217,11.6542,-0.057699,-7.1025,0
-3.5985,-13.6593,17.6052,-2.4927,1
-2.3299,-9.9532,8.4756,-1.8733,1
-1.5877,-6.6072,5.8022,0.31593,1
2.1721,-0.73874,5.4672,-0.72371,0
4.068,-2.9363,2.1992,0.50084,0
3.7982,10.423,-4.1602,-4.9728,0
-3.4917,-12.1736,14.3689,-0.61639,1
0.57461,10.1105,-1.6917,-4.3922,0
-0.82053,0.65181,-0.48869,-0.52716,1
-1.6637,3.2881,-2.2701,-2.2224,1
-1.6641,-1.3678,1.997,0.52283,1
3.1896,5.7526,-0.18537,-0.30087,0
-2.3898,-0.78427,3.0141,0.76205,1
-4.7462,3.1205,1.075,-1.2966,1
0.5706,-0.024841,1.2421,-0.56208,0
-6.5235,9.6014,-0.25392,-6.9642,1
-3.5916,-6.2285,10.2389,-1.1543,1
-2.7611,-10.5099,9.0239,-1.9547,1
-1.8343,-6.5907,5.6429,0.54998,1
-0.50816,2.868,-1.8108,-2.2612,1
-5.4414,7.2363,0.10938,-7.5642,1
3.1541,-5.1711,6.5991,0.57455,0
0.68087,2.3259,4.9085,0.54998,0
-0.51003,-0.23591,0.020273,0.76334,1
5.0214,8.0764,-3.0515,-1.7155,0
1.0009,7.7846,-0.28219,-2.6608,0
4.0296,2.6756,0.80685,0.71679,0
1.2279,4.0309,-4.6435,-3.9125,1
1.1472,3.5985,1.9387,-0.43406,0
-0.56877,1.4174,-1.4252,-1.1246,1
2.5503,-4.9518,6.3729,-0.41596,0
1.1518,1.3864,5.2727,-0.43536,0
3.7767,9.7794,-3.9075,-3.5323,0
4.1454,7.257,-1.9153,-0.86078,0
-1.3,10.2678,-2.953,-5.8638,0
1.2262,0.89599,5.7568,-0.11596,0
-2.0759,10.8223,2.6439,-4.837,0
1.5099,0.039307,6.2332,-0.30346,0
-2.2677,3.2964,-2.2563,-2.4642,1
-4.4018,-12.9371,15.6559,-1.6806,1
2.5678,3.5136,0.61406,-0.40691,0
-2.3242,11.5176,1.8231,-5.375,0
5.7823,5.5788,-2.4089,-0.056479,0
0.33111,4.5731,2.057,-0.18967,0
1.1676,9.1566,-2.0867,-0.80647,0
1.5478,9.1814,-1.6326,-1.7375,0
3.7022,6.9942,-1.8511,-0.12889,0
3.2351,9.647,-3.2074,-2.5948,0
1.9818,9.2621,-3.521,-1.872,0
0.93611,8.6413,-1.6351,-1.3043,0
-0.9607,2.6963,-3.1226,-1.3121,1
3.8832,6.4023,-2.432,-0.98363,0
-0.55355,-7.9233,6.7156,0.74394,1
-2.4198,-0.24418,0.70146,0.41809,1
-2.9821,4.1986,-0.5898,-3.9642,1
-2.799,1.9679,-0.42357,-2.1125,1
-0.52645,-0.24832,-0.45613,0.41938,1
0.48797,3.5674,-4.3882,-3.8116,1
5.2032,3.5116,-1.2538,1.0129,0
-3.6227,3.9958,-0.35845,-3.9047,1
4.616,10.1788,-4.2185,-4.4245,0
3.1377,-4.1096,4.5701,0.98963,0
1.3566,4.2358,2.1341,0.3211,0
-2.1652,3.0211,-2.4132,-2.4241,1
3.2585,-4.4614,3.8024,-0.15087,0
2.4287,9.3821,-3.2477,-1.4543,0
-5.2943,-5.1463,10.3332,-1.1181,1
3.9479,-3.7723,2.883,0.019813,0
-2.343,12.9516,3.3285,-5.9426,0
-1.7344,2.0175,7.7618,0.93532,0
-0.69879,-3.3771,4.1211,1.5043,1
-0.28015,3.0729,-3.3857,-2.9155,1
-1.8215,2.7521,-0.72261,-2.353,1
-0.40951,-0.15521,0.060545,-0.088807,1
-0.41645,0.32487,-0.33617,-0.36036,1
-3.8826,4.898,-0.92311,-5.0801,1
-1.1667,-1.4237,2.9241,0.66119,1
2.6946,6.7976,-0.40301,0.44912,0
-1.8629,-0.84841,2.5377,0.097399,1
-0.69572,8.6165,1.8419,-4.3289,0
-2.3221,-9.3304,9.233,-0.79871,1
0.37637,-0.82358,0.78543,0.74524,1
4.9362,7.6046,-2.3429,-0.85302,0
3.8027,0.81529,2.1041,1.0245,0
-3.8894,-7.8322,9.8208,0.47498,1
4.3239,-4.8835,3.4356,-0.5776,0
-3.1366,0.42212,2.6225,-0.064238,1
3.8023,-3.8696,4.044,0.95343,0
0.29961,7.1328,-0.31475,-1.1828,0
4.8278,7.7598,-2.4491,-1.2216,0
2.7296,2.8701,0.51124,0.5099,0
3.4465,2.9508,1.0271,0.5461,0
-1.9667,11.8052,-0.40472,-7.8719,0
2.2123,-5.8395,7.7687,-0.85302,0
3.2403,-3.7082,5.2804,0.41291,0
4.0524,5.6802,-1.9693,0.026279,0
2.5328,7.528,-0.41929,-2.6478,0
-1.2943,2.6735,-0.84085,-2.0323,1
2.9856,7.2673,-0.409,-2.2431,0
2.0139,6.1416,0.37929,0.56938,0
0.92703,9.4318,-0.66263,-1.6728,0
4.8906,-3.3584,3.4202,1.0905,0
3.8846,-3.0336,2.5334,0.20214,0
3.9994,0.90427,1.1693,1.6892,0
3.884,10.0277,-3.9298,-4.0819,0
3.5251,0.7201,1.6928,0.64438,0
-3.8953,4.0392,-0.3019,-2.1836,1
-0.89409,3.1991,-1.8219,-2.9452,1
-1.3968,-9.6698,9.4652,-0.34872,1
-1.4377,-1.432,2.1144,0.42067,1
-4.8392,6.6755,-0.24278,-6.5775,1
4.2772,2.4955,0.48554,0.36119,0
-0.023579,7.1742,0.78457,-0.75734,0
-0.30432,2.6528,-2.7756,-0.65647,1
-1.2528,10.2036,2.1787,-5.6038,0
5.262,3.9834,-1.5572,1.0103,0
4.6014,5.6264,-2.1235,0.19309,0
-4.8426,-4.9932,10.4052,-0.53104,1
0.7376,4.8525,-4.7986,-5.6659,1
-1.7976,-6.7686,6.6753,0.89912,1
-1.3946,2.3134,-0.44499,-1.4905,1
2.6104,8.0081,-0.23592,-1.7608,0
0.46901,-0.63321,7.3848,0.36507,0
4.7926,1.7071,-0.051701,1.4926,0
-1.7781,0.8546,7.1303,0.027572,0
-4.7331,-6.1789,11.388,-1.0741,1
4.8272,3.0687,0.68604,0.80731,0
0.3798,0.7098,0.7572,-0.4444,0
-1.4454,-8.4385,8.8483,0.96894,1
-3.3604,-0.32696,2.1324,0.6017,1
3.4776,8.811,-3.1886,-0.92285,0
-0.8471,3.1329,-3.0112,-2.9388,1
0.39559,6.8866,1.0588,-0.67587,0
3.0934,-2.9177,2.2232,0.22283,0
-1.8391,-9.0883,9.2416,-0.10432,1
-5.0676,-5.1877,10.4266,-0.86725,1
5.2418,10.5388,-4.1174,-4.2797,0
3.0632,-3.3315,5.1305,0.8267,0
-3.73,-12.9723,12.9817,-2.684,1
2.1752,-0.8091,5.1022,-0.67975,0
3.5829,1.4423,1.0219,1.4008,0
5.3063,5.2684,-2.8904,-0.52716,0
-2.9098,-10.0712,8.4156,-1.9948,1
-2.9138,-9.4711,9.7668,-0.60216,1
3.6216,8.6661,-2.8073,-0.44699,0
0.5706,-0.0248,1.2421,-0.5621,0
1.0135,8.4551,-1.672,-2.0815,0
-1.3066,0.25244,0.7623,1.7758,1
-3.3884,-8.215,10.3315,0.98187,1
4.364,-3.1039,2.3757,0.78532,0
1.6799,4.2068,-4.5398,-2.3931,1
-1.2369,-1.6906,2.518,0.51636,1
0.3223,-0.89808,8.0883,0.69222,0
2.1274,5.1939,-1.7971,-1.1763,0
0.65497,5.1815,1.0673,-0.42113,0
-0.78289,11.3603,-0.37644,-7.0495,0
-0.7869,9.5663,-3.7867,-7.5034,0
-1.9983,-6.6072,4.8254,-0.41984,1
-4.1244,3.7909,-0.6532,-4.1802,1
0.84546,3.4826,-3.6307,-1.3961,1
-2.1786,-6.4479,6.0344,-0.20777,1
-0.72068,-6.7583,5.8408,0.62369,1
-1.2244,1.7485,-1.4801,-1.4181,1
3.931,1.8541,-0.023425,1.2314,0
0.75896,0.29176,-1.6506,0.83834,1
-0.071503,3.7412,-4.5415,-4.2526,1
1.5902,2.2948,3.2403,0.18404,0
4.0632,3.584,0.72545,0.39481,0
-0.45062,-1.3678,7.0858,-0.40303,0
2.7961,2.121,1.8385,0.38317,0
-0.86339,1.9348,-2.3729,-1.0897,1
0.77445,9.0552,-2.4089,-1.3884,0
0.2952,4.8856,-5.149,-6.2323,1
-0.60975,-4.002,1.8471,0.6017,1
3.8117,10.1457,-4.0463,-4.5629,0
0.80355,2.8473,4.3439,0.6017,0
-2.2083,-9.1069,8.9991,-0.28406,1
-1.3414,-1.9162,-0.15538,-0.11984,1
-2.6286,0.18002,1.7956,0.97282,1
-0.69078,-0.50077,-0.35417,0.47498,1
-0.55648,3.2136,-3.3085,-2.7965,1
0.14329,-1.0885,1.0039,0.48791,1
0.062525,2.9301,-3.5467,-2.6737,1
-3.5933,0.22968,0.7126,-0.3332,1
2.994,7.2011,-1.2153,0.3211,0
3.9433,2.5017,1.5215,0.903,0
3.7935,7.9853,-2.5477,-1.872,0
-2.2214,-0.23798,0.56008,0.05602,1
1.7317,-0.34765,4.1905,-0.99138,0
4.3398,-5.3036,3.8803,-0.70432,0
0.24394,1.4733,-1.4192,-0.58535,1
-5.525,6.3258,0.89768,-6.6241,1
-2.6685,-10.4519,9.1139,-1.7323,1
2.2893,3.733,0.6312,-0.39786,0
-0.59587,2.4811,-2.8673,-0.89828,1
-2.1059,1.1815,-0.53324,-0.82716,1
4.6765,-3.3895,3.4896,1.4771,0
1.2138,8.7986,-2.1672,-0.74182,0
0.5706,-0.0248,1.2421,-0.5621,0
0.56953,7.6294,1.5754,-3.2233,0
3.6922,-3.9585,4.3439,1.3517,0
-3.5681,-8.213,10.083,0.96765,1
2.4391,6.4417,-0.80743,-0.69139,0
-1.682,-6.8121,7.1398,1.3323,1
-3.38,-0.7077,2.5325,0.71808,1
-2.0149,3.6874,-1.9385,-3.8918,1
-6.0598,9.2952,-0.43642,-6.3694,1
-1.3931,1.5664,7.5382,0.78403,0
-1.3885,12.5026,0.69118,-7.5487,0
0.66018,10.3878,-1.4029,-3.9151,0
-2.2183,-1.254,2.9986,0.36378,1
0.11032,1.9741,-3.3668,-0.65259,1
-1.6514,-8.4985,9.1122,1.2379,1
2.093,8.3061,0.022844,-3.2724,0
-1.0116,-0.19038,-0.90597,0.003003,1
6.0919,2.9673,-1.3267,1.4551,0
2.1059,7.6046,-0.47755,-1.8461,0
-1.7697,3.4329,-1.2144,-2.3789,1
5.4021,3.1039,-1.1536,1.5651,0
1.2247,8.7779,-2.2135,-0.80647,0
-0.70346,2.957,-3.5947,-3.1457,1
0.5734,9.1938,-0.9094,-1.872,0
3.7635,2.7811,0.66119,0.34179,0
-3.6085,3.3253,-0.51954,-3.5737,1
-1.7589,-6.4624,8.4773,0.31981,1
-2.5665,-6.8824,7.5416,0.70774,1
1.1811,8.3847,-2.0567,-0.90345,0
4.2406,-2.4852,1.608,0.7155,0
-2.6989,12.1984,0.67661,-8.5482,0
-0.49241,0.89392,-1.6283,-0.56854,1
-3.3863,-12.9889,13.0545,-2.7202,1
-1.8969,-6.7893,5.2761,-0.32544,1
3.2294,7.7391,-0.37816,-2.5405,0
0.5195,-3.2633,3.0895,-0.9849,0
1.7452,4.8028,2.0878,0.62627,0
2.5989,3.5178,0.7623,0.81119,0
1.4806,7.6377,-2.7876,-1.0341,0
3.7352,9.5911,-3.9032,-3.3487,0
-1.2537,10.8803,1.931,-4.3237,0
1.5904,2.2121,-3.1183,-0.11725,1
0.96708,3.8426,-4.9314,-4.1323,1
-4.4996,3.4288,0.56265,-1.1672,1
4.0127,10.1477,-3.9366,-4.0728,0
0.9297,-3.7971,4.6429,-0.2957,0
-0.11716,0.60422,-0.38587,-0.059065,1
-2.258,-9.3263,9.3727,-0.85949,1
2.8084,11.3045,-3.3394,-4.4194,0
3.6702,2.9942,0.85141,0.30688,0
0.96414,5.616,2.2138,-0.12501,0
1.4501,3.6067,-4.0557,-1.5966,1
-0.36038,4.1158,3.1143,-0.37199,0
5.2423,11.0272,-4.353,-4.1013,0
-4.3667,6.0692,0.57208,-5.4668,1
-1.2576,1.5892,7.0078,0.42455,0
-0.71868,-5.7154,3.8298,1.0233,1
-2.9883,0.31245,0.45041,0.068951,1
2.3718,7.4908,0.015989,-1.7414,0
-3.9172,2.6652,0.78886,-0.7819,1
0.77124,9.0862,-1.2281,-1.4996,0
2.483,6.6155,-0.79287,-0.90863,0
-3.6961,-13.6779,17.5795,-2.6181,1
5.0452,3.8964,-1.4304,0.86291,0
3.9922,-4.4676,3.7304,-0.1095,0
-1.9177,11.6894,2.5454,-3.2763,0
-1.7479,-5.823,5.8699,1.212,1
3.9102,6.065,-2.4534,-0.68234,0
-0.2951,9.0489,-0.52725,-2.0789,0
1.4479,-4.8794,8.3428,-2.1086,0
-0.82601,2.9611,-1.2864,-1.4647,1
-2.1674,0.12415,-1.0465,-0.86208,1
-1.6176,1.0926,-0.35502,-0.59958,1
-1.0555,0.79459,-1.6968,-0.46768,1
0.030219,-1.0512,1.4024,0.77369,1
3.4312,6.2637,-1.9513,-0.36165,0
1.7819,6.9176,-1.2744,-1.5759,0
-2.6479,10.1374,-1.331,-5.4707,0
1.0117,0.9022,-2.3506,0.42714,1
4.5459,8.1674,-2.4586,-1.4621,0
-2.6479,10.1374,-1.331,-5.4707,0
0.4339,5.5395,2.033,-0.40432,0
0.3798,0.7098,0.7572,-0.4444,0
-2.6406,-4.4159,5.983,-0.13924,1
3.3756,-4.0951,4.367,1.0698,0
-2.2501,3.3129,-0.88369,-2.8974,1
3.4667,-4.0724,4.2882,1.5418,0
4.7285,2.1065,-0.28305,1.5625,0
-3.9933,2.6218,0.62863,-1.1595,1
-2.1979,-2.1252,1.7151,0.45171,1
-2.1241,-6.8969,5.5992,-0.47156,1
-2.0659,1.0512,-0.46298,-1.0974,1
-3.7747,2.5162,0.83341,-0.30993,1
0.86816,10.2429,-1.4912,-4.0082,0
1.7331,3.9544,-4.7412,-2.5017,1
-2.6864,-0.097265,0.61663,0.061192,1
-2.3211,3.166,-1.0002,-2.7151,1
1.0637,3.6957,-4.1594,-1.9379,1
-5.637,8.1261,0.13081,-5.0142,1
0.33325,3.3108,-4.5081,-4.012,1
1.6406,3.5488,1.3964,-0.36424,0
4.3365,-3.584,3.6884,0.74912,0
-0.21888,-2.2038,-0.0954,0.56421,1
-0.278,8.1881,-3.1338,-2.5276,0
2.8297,6.3485,-0.73546,-0.58665,0
4.223,1.1319,0.72202,0.96118,0
-3.5637,-8.3827,12.393,-1.2823,1
-1.6706,-2.09,1.584,0.71162,1
-2.5084,-0.22763,1.488,1.2069,1
-2.3147,3.6668,-0.6969,-1.2474,1
2.0911,0.94358,4.5512,1.234,0
1.4507,8.7903,-2.2324,-0.65259,0
-0.65767,-2.8018,3.7115,0.99739,1
3.3004,7.0811,-1.3258,0.22283,0
-3.0,-9.1566,9.5766,-0.73018,1
2.6213,5.7919,0.065686,-1.5759,0
3.3951,1.1484,2.1401,2.0862,0
0.83625,1.1071,-2.4706,-0.062945,1
2.3678,-6.839,8.4207,-0.44829,0
3.5594,1.3078,1.291,1.6556,0
-3.9698,3.6812,-0.60008,-4.0133,1
-1.5732,1.0636,-0.71232,-0.8388,1
-0.29858,2.4769,-2.9512,-0.66165,1
-3.0193,1.7775,0.73745,-0.45346,1
