id,price,bedrooms,bathrooms,sqft_living,sqft_lot,floors,waterfront,view,condition,grade,sqft_above,sqft_basement,yr_built,yr_renovated,zipcode,lat,long,sqft_living15,sqft_lot15
2525059134,500000.0,2,1.5,1760,12000,1.0,0,0,4,7,1760,0,1964,0,98052,47.6288,-122.109,2200,12088
3352400661,135900.0,2,1.0,760,3800,1.0,0,0,3,6,760,0,1950,0,98178,47.5019,-122.269,1220,7410
6669020490,320000.0,4,2.25,2190,9020,2.0,0,0,3,8,2190,0,1978,0,98032,47.3742,-122.284,2170,8400
9829200580,990000.0,3,2.75,2500,6350,2.0,0,0,5,9,2370,130,1979,0,98122,47.6035,-122.285,2090,5454
4319200450,436000.0,4,1.0,1200,6600,1.5,0,2,3,7,1200,0,1908,0,98136,47.5372,-122.382,1810,6600
323089172,410000.0,4,2.5,1900,15123,2.0,0,0,3,8,1900,0,1995,0,98045,47.5015,-121.772,1900,16477
3388000640,220000.0,3,1.5,1280,7742,1.0,0,0,4,7,1280,0,1962,0,98031,47.3947,-122.197,1450,8316
8148600055,225000.0,3,1.0,1040,6535,1.0,0,0,3,6,1040,0,1947,0,98168,47.4906,-122.306,1100,6535
3530410020,265000.0,2,1.75,1090,3272,1.0,0,0,5,8,1090,0,1970,0,98198,47.3794,-122.32,1160,5475
1761300310,211000.0,4,2.0,1710,8288,1.5,0,0,3,7,1710,0,1970,0,98031,47.3947,-122.174,1710,7200
6189200260,617450.0,3,2.0,1580,14398,1.0,0,0,3,7,1080,500,1981,0,98005,47.6328,-122.174,1650,14407
2436700800,620000.0,3,2.25,1720,4000,1.5,0,0,4,7,1450,270,1921,0,98105,47.6683,-122.286,1410,4000
3296000040,542000.0,3,2.5,1990,15985,1.0,0,0,3,8,1540,450,1964,0,98007,47.6205,-122.141,2470,10125
8732131090,295000.0,4,2.5,2160,7725,1.0,0,0,4,8,1460,700,1978,0,98023,47.3078,-122.378,2060,8250
6669250100,512000.0,4,2.5,2600,4506,2.0,0,0,3,9,2600,0,2005,0,98056,47.5146,-122.188,2470,6041
3764500230,661000.0,3,2.0,1820,4418,2.0,0,0,4,8,1820,0,1994,0,98033,47.6947,-122.19,1920,13402
9413600670,725000.0,3,1.75,1610,8613,1.0,0,0,5,7,1610,0,1962,0,98033,47.6527,-122.195,2010,8670
3856903515,705000.0,3,2.0,1460,6250,1.5,0,0,4,7,1460,0,1912,0,98103,47.6693,-122.333,1690,4750
6431000005,599995.0,3,1.0,1620,3000,1.5,0,0,5,7,1620,0,1928,0,98103,47.6888,-122.347,1420,3060
2599200160,295450.0,3,2.0,2030,17120,1.0,0,2,4,8,1890,140,1966,0,98092,47.2953,-122.185,1870,13662
2249500367,736000.0,3,2.5,1980,2975,3.0,0,2,3,8,1980,0,1993,0,98109,47.6294,-122.344,1980,3144
2925059135,1321500.0,3,3.0,2230,12968,2.0,0,0,3,9,2230,0,1990,0,98004,47.6271,-122.197,2260,10160
6928000605,525000.0,4,2.75,3030,6625,2.0,0,0,3,8,3030,0,2011,0,98059,47.4815,-122.152,3030,9620
1231000660,525000.0,3,1.0,1450,4000,1.0,0,1,4,8,950,500,1948,0,98118,47.5554,-122.266,1880,4000
3905100280,478000.0,3,2.25,1640,3896,2.0,0,0,3,8,1640,0,1994,0,98029,47.5689,-122.006,1780,3999
2425700005,760000.0,3,1.75,1410,15120,1.0,0,0,4,7,1410,0,1950,0,98004,47.5974,-122.195,1880,15120
1982200245,726000.0,3,2.5,1890,3880,1.5,0,0,4,8,1460,430,1915,0,98107,47.6642,-122.362,1010,3880
2600100300,623000.0,4,2.5,2980,9235,1.0,0,0,4,8,1690,1290,1977,0,98006,47.5513,-122.162,2690,10046
3378100100,345000.0,4,1.5,1540,7168,1.0,0,0,3,7,1160,380,1964,0,98055,47.455,-122.198,1540,7176
1432700420,250000.0,3,1.0,1460,10914,1.0,0,0,4,7,1460,0,1959,0,98058,47.4511,-122.173,1490,8314
6341000221,287000.0,4,2.0,1340,8190,1.0,0,0,4,7,1340,0,1942,0,98146,47.4905,-122.343,1410,9721
1862400132,379000.0,2,1.0,930,5400,1.0,0,0,3,7,930,0,1952,0,98117,47.6971,-122.372,1050,5400
3298300530,351000.0,4,1.0,1550,7260,1.0,0,0,4,6,1550,0,1959,0,98008,47.6229,-122.121,1210,7260
3424069145,343000.0,3,1.0,1400,5662,1.5,0,0,5,5,1400,0,1920,0,98027,47.5271,-122.036,1250,14375
7852140170,695000.0,4,2.5,2830,14538,2.0,0,0,3,8,2830,0,2003,0,98065,47.5405,-121.882,2270,6939
7701960130,820000.0,3,2.5,2980,18935,1.5,0,0,3,11,2980,0,1990,0,98077,47.7133,-122.079,3670,18225
1193000390,1300000.0,5,4.0,3366,7800,2.5,0,2,3,8,2966,400,1937,0,98199,47.6466,-122.391,2340,6000
2505500030,1127000.0,4,2.5,3160,8281,2.0,0,0,4,9,3160,0,1995,0,98033,47.6699,-122.195,3000,8281
3305100230,820000.0,4,2.5,3170,8523,2.0,0,0,3,9,3170,0,2008,0,98033,47.6854,-122.184,3230,8523
5101400934,450000.0,2,1.0,810,4368,1.0,0,0,3,6,810,0,1958,0,98115,47.6915,-122.312,1890,5253
3822200036,257500.0,2,2.0,1180,9265,1.0,0,0,3,7,1180,0,1940,0,98125,47.7252,-122.297,460,18000
3221079050,465000.0,3,2.5,1920,144619,1.0,0,0,3,8,1920,0,2014,0,98022,47.2683,-121.946,2010,48787
4365200630,450000.0,2,2.0,1900,7740,1.0,0,0,4,7,1150,750,1923,0,98126,47.5227,-122.372,1140,7740
1737100830,577000.0,4,2.25,2360,7490,2.0,0,0,3,8,2360,0,1979,0,98033,47.6988,-122.169,2360,7490
4038700190,527000.0,4,2.25,2380,5250,1.0,0,0,4,7,1410,970,1961,0,98008,47.6164,-122.115,2150,8560
1336800240,1750000.0,6,3.0,3510,5760,2.5,0,0,4,10,3510,0,1906,0,98112,47.6263,-122.312,3450,5760
2533300025,740000.0,3,1.5,1830,4000,1.0,0,0,4,7,1350,480,1910,0,98119,47.6453,-122.371,1570,3672
5487300020,464550.0,3,1.5,1690,10500,1.0,0,0,4,7,1690,0,1967,0,98033,47.7018,-122.165,1570,10500
3625059166,553000.0,3,1.0,1310,18135,1.0,0,0,3,7,1310,0,1948,0,98008,47.6065,-122.113,2150,18135
9482700440,533000.0,5,2.75,1800,3780,1.5,0,0,3,7,1400,400,1926,0,98103,47.6831,-122.343,1400,3780
3145600250,190000.0,2,1.0,670,3101,1.0,0,0,4,6,670,0,1948,0,98118,47.5546,-122.274,1660,4100
1796370150,240000.0,3,2.25,1500,15334,2.0,0,0,4,7,1500,0,1992,0,98042,47.3719,-122.091,1530,8102
2522069064,135000.0,2,1.0,1220,7250,1.0,0,0,4,6,1220,0,1914,0,98010,47.3585,-121.975,1350,20250
1492800296,575000.0,3,1.75,1530,6743,1.0,0,0,3,7,1410,120,1955,0,98116,47.5745,-122.396,2040,6000
1231001130,572000.0,3,2.25,1860,4000,1.5,0,0,5,7,1020,840,1920,0,98118,47.5539,-122.267,1180,4000
1250201640,775000.0,3,2.0,2540,7200,1.5,0,3,4,8,1600,940,1905,0,98144,47.5972,-122.292,2040,5900
8965410150,962800.0,4,2.5,3780,23623,2.0,0,0,3,9,3780,0,1997,0,98006,47.559,-122.118,3370,10210
424069010,625000.0,4,2.25,2470,17008,2.0,0,0,4,8,2470,0,1979,0,98075,47.5924,-122.048,2470,31798
7813200115,100000.0,2,1.0,790,6426,1.0,0,0,3,6,790,0,1944,0,98178,47.4933,-122.245,1380,6946
7984400005,253500.0,3,1.0,1640,12384,1.0,0,0,4,7,1090,550,1954,0,98003,47.3256,-122.298,1550,11200
7202331500,673200.0,5,3.0,4180,8561,2.0,0,0,3,7,4180,0,2003,0,98053,47.6833,-122.04,3425,6591
2896600020,460000.0,3,1.75,1520,7700,1.0,0,0,3,7,820,700,1969,0,98034,47.7226,-122.219,1420,7674
1156000100,246700.0,3,2.0,1610,13309,1.0,0,0,4,7,1610,0,1967,0,98042,47.3398,-122.133,1610,15725
1180007375,625000.0,5,3.5,4010,6000,2.0,0,3,3,9,2560,1450,1997,0,98178,47.4928,-122.229,2440,6000
3423059081,151600.0,2,1.0,1060,16988,1.0,0,0,3,6,1060,0,1954,0,98058,47.4305,-122.157,2320,10580
7100000135,330000.0,2,1.0,860,8308,1.0,0,0,4,7,860,0,1948,0,98146,47.5075,-122.377,1310,8308
8850000180,295000.0,4,1.0,980,3000,1.5,0,0,4,7,980,0,1914,0,98144,47.5892,-122.312,1525,3000
5525400300,619420.0,4,2.75,2450,14803,2.0,0,0,4,9,2450,0,1988,0,98059,47.5261,-122.162,2330,14803
7575600610,265000.0,3,2.5,1660,5250,2.0,0,0,4,8,1660,0,1988,0,98003,47.3541,-122.3,1630,5505
7987400356,255000.0,2,1.0,1220,2500,1.0,0,0,3,6,770,450,1910,0,98126,47.5727,-122.372,1540,3000
2923049393,278000.0,4,2.25,2400,7738,1.5,0,0,3,8,2400,0,1964,0,98148,47.4562,-122.33,2170,8452
3826000470,232000.0,2,1.0,960,8100,1.0,0,0,3,6,810,150,1936,0,98168,47.494,-122.304,960,12150
5370200170,325000.0,2,1.0,1070,5080,1.0,0,0,5,6,1070,0,1942,0,98106,47.5224,-122.35,900,5080
3221069035,400000.0,4,1.75,2670,189486,2.0,0,4,3,8,2670,0,1972,0,98092,47.2585,-122.061,2190,218610
1126059091,624000.0,3,2.5,2510,47044,1.0,0,0,4,7,1910,600,1975,0,98072,47.7531,-122.14,2510,42803
4154303125,650000.0,3,1.75,2330,7200,1.0,0,0,4,8,1320,1010,1950,0,98118,47.565,-122.274,1820,7200
9560700055,550000.0,5,2.5,2960,9877,1.0,0,0,4,7,1480,1480,1960,0,98005,47.5866,-122.171,1900,9877
1447600285,212500.0,2,2.0,1030,21712,1.0,0,0,4,6,1030,0,1938,0,98168,47.4905,-122.331,1790,9199
3824100211,370000.0,3,1.5,2380,14500,1.0,0,0,4,7,1850,530,1961,0,98028,47.7714,-122.256,1830,13600
1313000650,620000.0,4,2.25,2210,10039,1.0,0,0,4,8,1710,500,1967,0,98052,47.634,-122.101,2070,10965
7575610250,225000.0,3,2.25,1650,7739,1.0,0,0,3,8,1290,360,1986,0,98003,47.3532,-122.304,1650,6033
1825049013,560000.0,4,2.0,1380,4048,1.5,0,0,4,7,1380,0,1906,0,98103,47.6583,-122.344,1440,3956
3332500265,311000.0,2,1.0,860,3300,1.0,0,0,5,6,860,0,1903,0,98118,47.5496,-122.279,1380,4400
1775920340,484000.0,4,1.75,2440,16730,1.0,0,0,3,7,1390,1050,1976,0,98072,47.7406,-122.11,1390,11600
7942601410,682000.0,3,1.75,1830,5120,1.5,0,2,5,8,1830,0,1903,0,98122,47.6051,-122.311,2120,5120
4154300296,235000.0,3,1.0,960,5030,1.0,0,0,3,7,960,0,1955,0,98118,47.5611,-122.28,1460,5400
164000174,300000.0,3,1.0,1010,6300,1.0,0,0,3,7,1010,0,1957,0,98133,47.7304,-122.352,1480,7480
123039626,295000.0,3,2.25,1330,7200,1.0,0,0,3,7,900,430,1974,0,98146,47.5102,-122.364,1380,9570
3432500486,299995.0,2,1.0,1060,7200,1.0,0,0,4,6,1060,0,1951,0,98155,47.7463,-122.315,1850,8291
7787100210,450000.0,4,2.25,2120,8267,2.0,0,0,3,8,2120,0,1996,0,98045,47.4885,-121.779,2150,7746
3205200640,427200.0,3,1.0,1030,8400,1.0,0,0,4,7,1030,0,1963,0,98056,47.5364,-122.173,1270,8400
3879900753,727000.0,3,2.5,1580,991,3.0,0,0,3,9,1580,0,2009,0,98119,47.6276,-122.359,1610,1297
9272201385,677500.0,5,1.0,2340,4730,2.0,0,0,3,8,1810,530,1918,0,98116,47.5895,-122.385,2100,4970
8731982470,245000.0,3,2.0,1470,8000,1.0,0,0,4,8,1470,0,1974,0,98023,47.3191,-122.385,1980,8000
121029034,549000.0,2,1.0,2034,13392,1.0,1,4,5,7,1159,875,1947,0,98070,47.3312,-122.503,1156,15961
3459900230,1680000.0,4,3.75,7620,29536,2.0,0,3,3,11,5980,1640,2005,0,98006,47.5571,-122.14,2840,20809
3856904655,667750.0,4,1.0,1430,4080,1.5,0,0,3,7,1430,0,1924,0,98105,47.6696,-122.324,1760,4080
5071400104,690000.0,5,3.5,2720,7598,2.0,0,0,3,8,1860,860,1993,0,98115,47.6931,-122.283,2430,7728
3361400190,190000.0,3,1.0,1040,8910,1.0,0,0,3,6,1040,0,1943,0,98168,47.5024,-122.32,1330,9720
2420069017,152900.0,1,1.0,900,4368,1.0,0,0,5,6,900,0,1915,1950,98022,47.2107,-121.99,1290,5000
3368900084,275000.0,3,1.0,1080,6000,1.0,0,0,4,7,1080,0,1952,0,98133,47.7579,-122.33,1200,7210
5191100180,1005000.0,5,2.0,2440,3080,2.0,0,0,4,8,2440,0,1910,0,98112,47.6242,-122.306,1640,3077
7299600530,280000.0,3,2.5,1608,4818,2.0,0,0,3,8,1608,0,2012,0,98092,47.2583,-122.203,2009,5200
9187200275,905000.0,4,2.25,2240,5000,2.0,0,0,3,8,1770,470,1900,2014,98122,47.6027,-122.295,2120,5000
8024201055,404500.0,2,1.0,800,5080,1.0,0,0,3,7,800,0,1938,0,98115,47.6978,-122.314,1560,5110
1972201773,670000.0,2,2.0,1500,761,3.0,0,3,3,8,1500,0,2008,0,98103,47.6522,-122.346,1360,1527
4045750010,624950.0,3,2.5,2060,4730,2.0,0,0,4,8,2060,0,1994,0,98033,47.6874,-122.178,1980,5010
9828701745,480000.0,2,1.0,710,4800,1.0,0,0,2,6,710,0,1950,0,98112,47.6212,-122.298,1480,1721
7201800090,405000.0,3,1.0,1250,7280,1.0,0,0,3,7,1250,0,1975,0,98052,47.6986,-122.129,1690,7280
87000245,170000.0,3,0.75,1040,42180,1.0,0,0,2,6,1040,0,1947,0,98055,47.4518,-122.199,1270,24090
6117501755,355000.0,4,1.5,2230,11536,1.0,0,1,4,7,1220,1010,1954,0,98166,47.4409,-122.348,2170,12465
8857320130,472000.0,2,2.25,1800,2748,2.0,0,0,4,9,1800,0,1979,0,98008,47.6104,-122.113,1800,2755
3260000570,735000.0,4,3.0,2250,7245,1.0,0,0,4,7,1250,1000,1963,0,98005,47.6045,-122.169,1960,7245
1872900076,979000.0,3,1.5,1700,14133,1.0,0,1,4,8,1700,0,1954,0,98004,47.6166,-122.22,2630,17376
2887700995,530000.0,4,2.75,2280,2850,1.5,0,0,4,7,1540,740,1930,0,98115,47.6871,-122.307,1680,3800
7950300670,450000.0,2,1.0,1120,4590,1.0,0,0,3,7,1120,0,1924,0,98118,47.5663,-122.285,1120,5100
7856400410,1100000.0,4,2.25,3310,8540,1.0,0,4,4,9,1660,1650,1973,0,98006,47.5603,-122.158,3450,9566
5412100550,355000.0,4,3.0,2590,7213,2.0,0,0,3,8,2590,0,2001,0,98001,47.2609,-122.289,2550,6800
7525530670,745000.0,4,2.5,3130,10860,2.0,0,0,3,10,3130,0,1990,0,98075,47.56,-122.04,3130,10860
923049378,207000.0,3,1.0,1490,8995,1.0,0,0,4,7,1490,0,1954,0,98168,47.4901,-122.303,1490,9000
3512100050,139000.0,4,1.5,1410,10648,1.0,0,0,4,7,1410,0,1966,0,98030,47.3736,-122.188,1410,10522
4139400630,860000.0,3,2.5,2770,9136,2.0,0,0,3,10,2770,0,1991,0,98006,47.5605,-122.115,2890,8442
1563103040,490000.0,2,1.0,990,5000,1.0,0,0,3,7,990,0,1941,0,98116,47.5666,-122.403,2250,6032
7454001200,390000.0,3,2.25,1250,7500,1.0,0,0,5,7,1250,0,1942,0,98146,47.5123,-122.373,1280,7392
7905200381,483000.0,2,1.75,1400,4720,1.0,0,0,4,7,820,580,1927,0,98116,47.5705,-122.392,1330,6786
2597450620,1511250.0,3,2.5,4010,12105,1.0,0,3,5,11,2600,1410,1983,0,98006,47.554,-122.151,4010,15081
3276050110,368500.0,2,1.75,2510,19141,2.0,0,0,3,9,2510,0,1977,0,98092,47.3103,-122.199,2400,13030
573000685,805000.0,2,1.75,1550,6000,1.0,0,1,3,7,1550,0,1920,0,98199,47.6712,-122.409,2360,6000
6139100076,330000.0,4,2.0,1820,9450,1.0,0,0,3,7,1100,720,1962,0,98155,47.7607,-122.329,1540,9450
114101500,325000.0,4,1.75,1370,9993,1.0,0,0,3,6,1370,0,1918,0,98028,47.7572,-122.228,1650,11592
3396820150,562000.0,5,2.25,3040,8111,2.0,0,0,3,8,3040,0,1984,0,98052,47.7157,-122.103,2020,8304
2917200365,445434.0,2,1.0,1470,7137,1.0,0,0,3,7,1020,450,1941,0,98103,47.7008,-122.352,1470,7067
3575302562,356000.0,3,1.5,1140,7500,1.0,0,0,3,7,1140,0,1976,0,98074,47.619,-122.064,1380,7500
4058801702,800000.0,4,2.5,4940,10037,1.0,0,4,3,9,3450,1490,1953,0,98178,47.5095,-122.247,2430,9272
9334800140,315000.0,3,1.75,1660,8160,1.0,0,0,4,7,1660,0,1951,0,98166,47.4608,-122.358,1490,8100
6620400025,245000.0,3,1.0,1380,9875,1.0,0,0,3,7,1380,0,1959,0,98168,47.5131,-122.334,1200,6250
3905080280,529000.0,3,2.5,1880,4499,2.0,0,0,3,8,1880,0,1993,0,98029,47.5664,-121.999,2130,5114
1397300120,364500.0,3,1.75,1740,8424,1.0,0,0,5,7,1040,700,1954,0,98133,47.7508,-122.352,1370,8424
8562780160,334950.0,2,2.25,1240,750,2.0,0,0,3,7,1150,90,2008,0,98027,47.5322,-122.073,1240,750
3523029041,290000.0,2,0.75,440,8313,1.0,1,3,4,5,440,0,1943,0,98070,47.4339,-122.512,880,26289
6412600005,375000.0,4,1.5,1430,7232,1.5,0,0,3,7,1430,0,1948,0,98125,47.7197,-122.328,1540,7232
6817801410,400000.0,3,2.0,1230,11413,1.0,0,0,3,7,990,240,1984,0,98074,47.6321,-122.034,1570,11517
1180002580,180000.0,2,1.0,890,6000,1.0,0,0,2,6,890,0,1919,0,98178,47.4976,-122.225,1100,6000
4389200610,903000.0,2,1.5,1140,7800,1.0,0,0,4,6,1140,0,1947,0,98004,47.6142,-122.209,2020,7800
8126300610,436800.0,3,1.75,2080,12714,2.0,0,0,4,8,1540,540,1984,0,98052,47.7056,-122.162,2080,12107
1760650670,270000.0,3,2.25,1400,3825,2.0,0,0,3,7,1400,0,2012,0,98042,47.3596,-122.082,2110,3825
1523059066,895000.0,3,2.0,2160,105415,1.0,0,0,3,10,2160,0,1991,0,98059,47.4806,-122.152,2760,9620
9808640090,815000.0,3,2.5,2415,2186,2.0,0,1,3,9,2415,0,1981,0,98033,47.6506,-122.202,2660,2165
1313500070,249000.0,3,1.5,1580,7200,1.0,0,0,4,7,1080,500,1976,0,98092,47.2761,-122.152,1580,7470
7960100220,710000.0,4,2.75,2460,3600,2.0,0,0,3,8,1640,820,1907,2007,98122,47.6093,-122.297,1890,3600
7861000021,309933.0,3,1.75,1820,78408,1.0,0,0,3,6,1220,600,1950,0,98042,47.3364,-122.128,1340,78408
1610000016,175000.0,4,1.0,1300,6030,1.5,0,0,3,6,1300,0,1947,0,98168,47.4778,-122.286,1240,6900
8642600170,375000.0,4,2.0,1757,19370,1.0,0,2,5,7,1757,0,1955,0,98198,47.3974,-122.312,1850,11125
7575610760,290000.0,3,2.25,1620,7772,2.0,0,0,4,8,1620,0,1988,0,98003,47.3521,-122.302,1710,6455
8074200100,266000.0,3,1.5,1120,8250,1.0,0,0,4,7,1120,0,1957,0,98056,47.4905,-122.179,1320,8400
9285800180,900000.0,4,3.5,3370,5000,2.0,0,2,3,8,2470,900,2008,0,98126,47.5714,-122.38,1820,5000
3831000010,235000.0,4,1.5,1760,6150,1.5,0,0,3,7,1760,0,1951,0,98031,47.3871,-122.224,1760,8276
1518000070,355000.0,3,2.5,1810,3192,1.0,0,0,3,7,1070,740,2001,0,98019,47.7364,-121.969,1740,3720
6052400575,175000.0,2,1.0,1170,8925,1.0,0,2,3,6,1170,0,1911,0,98198,47.4017,-122.321,1380,7440
66000265,370000.0,2,1.0,820,6550,1.0,0,0,3,7,820,0,1949,2012,98126,47.5478,-122.381,1640,6550
3260570290,549900.0,4,3.5,3420,4751,2.0,0,0,3,10,3420,0,2003,0,98055,47.4734,-122.193,3490,5700
8081900195,572500.0,3,1.0,1590,4600,1.5,0,0,4,7,1290,300,1926,0,98117,47.6807,-122.399,1770,4350
3825310530,700000.0,4,2.5,2590,4498,2.0,0,0,3,9,2590,0,2004,0,98052,47.7047,-122.128,2660,5238
522059130,465000.0,3,1.0,1150,18200,1.0,0,0,5,7,1150,0,1959,0,98058,47.4262,-122.187,1714,18200
2887703155,642000.0,6,1.0,1530,4305,1.5,0,0,4,7,1530,0,1921,0,98115,47.6862,-122.31,1530,3800
9521100586,479000.0,3,1.0,1370,3000,1.5,0,0,3,7,1370,0,1924,0,98103,47.6619,-122.351,1510,2151
1777500060,527700.0,5,2.5,2820,9375,1.0,0,0,4,8,1550,1270,1968,0,98006,47.5707,-122.128,2820,9375
9828702245,640000.0,3,2.5,1620,1377,2.0,0,0,3,8,1100,520,2009,0,98112,47.6195,-122.299,1620,1251
3699100130,495000.0,2,1.0,1670,14695,1.5,0,0,5,7,1670,0,1930,0,98033,47.7001,-122.2,1800,11355
524069020,1050000.0,4,4.0,4550,54013,1.0,0,1,4,9,2300,2250,1989,0,98075,47.5964,-122.077,3540,39634
6448000010,1388000.0,4,2.25,2940,20384,2.0,0,0,4,9,2940,0,1970,0,98004,47.6214,-122.227,3410,19910
4318200360,286000.0,2,1.0,1170,6543,1.0,0,0,3,7,1170,0,1913,0,98136,47.537,-122.385,1550,7225
9320700400,285000.0,3,1.75,1560,9514,1.0,0,0,4,7,1560,0,1967,0,98031,47.4088,-122.21,1550,9600
324000280,675000.0,3,1.5,1710,4000,2.0,0,0,3,8,1710,0,1926,0,98116,47.5714,-122.385,1910,4000
9422400035,477500.0,2,2.0,2090,6000,2.0,0,1,3,7,2090,0,1918,1985,98116,47.5732,-122.413,1600,5400
7132300550,450000.0,3,1.0,1210,4000,1.5,0,0,3,7,1090,120,1928,0,98144,47.5934,-122.308,1210,4000
3298200320,445000.0,4,1.75,1250,7400,1.0,0,0,5,6,1250,0,1959,0,98008,47.62,-122.12,990,7600
6817750510,305000.0,4,2.5,1714,3250,2.0,0,0,3,8,1714,0,2010,0,98055,47.429,-122.189,1714,3250
461005360,697000.0,4,3.0,2820,2850,1.5,0,0,5,7,1860,960,1928,0,98117,47.6813,-122.367,1570,4500
4358700135,480000.0,3,2.5,2360,9005,1.0,0,0,5,7,1340,1020,1929,0,98133,47.7076,-122.337,1520,9005
396100025,339999.0,4,2.0,1740,6369,1.0,0,0,5,6,870,870,1954,0,98133,47.7461,-122.332,1560,7200
2517100490,325000.0,3,2.5,2550,4240,2.0,0,0,3,7,2550,0,2006,0,98031,47.3986,-122.169,2550,4240
722069232,998000.0,4,3.25,3770,982998,2.0,0,0,3,10,3770,0,1992,0,98058,47.414,-122.087,2290,37141
1922059298,175000.0,3,1.0,1460,11880,1.0,0,0,2,7,1460,0,1961,0,98030,47.3762,-122.219,1310,9315
1774000780,469500.0,4,2.75,1930,13041,1.0,0,0,4,8,1180,750,1980,0,98072,47.7502,-122.085,1880,10234
856000985,1430800.0,4,2.5,2910,7364,2.0,0,0,3,10,2910,0,2003,0,98033,47.6906,-122.213,2480,8400
1558100398,350000.0,3,1.75,1680,250470,1.0,0,0,4,7,1070,610,1940,0,98019,47.7624,-121.93,1680,360000
1245002391,1400000.0,5,4.25,4230,6907,2.0,0,0,3,10,3450,780,2008,0,98033,47.6866,-122.205,2650,8076
869700050,316000.0,3,2.5,1490,4078,2.0,0,0,3,8,1490,0,1998,0,98059,47.4915,-122.155,1310,2767
2641400290,349000.0,4,2.5,1800,7620,2.0,0,0,3,8,1800,0,1995,0,98055,47.4346,-122.201,1800,6879
9269260420,436000.0,4,2.5,2640,3899,2.0,0,0,3,7,2640,0,2000,0,98011,47.754,-122.217,2460,4057
3356406510,196440.0,3,2.0,1560,7352,1.0,0,0,3,6,1560,0,1992,0,98001,47.2804,-122.251,1120,7950
8143600015,348140.0,2,1.5,2060,10880,1.0,0,0,3,6,1190,870,1924,0,98106,47.515,-122.362,1430,8781
8682250090,775000.0,2,2.5,2680,7392,1.0,0,0,3,9,2680,0,2004,0,98053,47.717,-122.026,2315,7045
8682310470,445000.0,2,1.75,1440,4660,1.0,0,2,3,8,1440,0,2008,0,98053,47.7092,-122.015,1680,4989
7202290620,461000.0,3,2.5,1690,3026,2.0,0,0,3,7,1690,0,2002,0,98053,47.6885,-122.043,1650,3161
1266200130,650000.0,3,1.75,2140,9484,1.0,0,0,3,7,1290,850,1953,0,98004,47.6234,-122.191,1960,9630
1438000130,519995.0,4,3.0,2590,6160,2.0,0,0,3,8,2590,0,2014,0,98059,47.4784,-122.122,2670,5600
3379100130,507000.0,4,1.75,1770,9375,1.0,0,0,4,7,1170,600,1968,0,98052,47.6935,-122.112,1540,9375
3296900130,518000.0,4,2.5,2830,13760,2.0,0,0,3,8,2830,0,1993,0,98019,47.7334,-121.97,2350,14029
1137400420,369950.0,4,2.5,2050,4502,2.0,0,0,3,7,2050,0,2005,0,98059,47.5002,-122.15,2480,4504
2926059146,748000.0,4,2.5,3220,8379,2.0,0,0,3,10,3220,0,2004,0,98034,47.7043,-122.192,2720,7635
3488300110,374000.0,2,1.0,1140,5650,1.0,0,1,3,6,980,160,1920,0,98116,47.5634,-122.391,1220,5700
3438500486,413000.0,4,3.5,2380,5809,2.0,0,0,4,7,1750,630,1995,0,98106,47.5536,-122.359,1620,5775
3592500866,1206500.0,3,2.75,3150,5520,1.5,0,0,4,8,2130,1020,1925,0,98112,47.6345,-122.302,3160,6200
6743700090,490000.0,3,1.75,1560,9247,1.0,0,0,3,7,1160,400,1989,0,98033,47.6954,-122.174,1690,8772
5612100065,400000.0,4,2.0,1670,12056,1.0,0,0,3,7,1670,0,1955,0,98028,47.7418,-122.244,1860,12056
455000190,825000.0,3,1.75,2080,5000,2.0,0,0,5,8,2080,0,1906,0,98103,47.6717,-122.356,1820,5000
6649900301,579000.0,3,2.5,2300,18540,1.0,0,0,3,8,1800,500,1961,0,98177,47.7767,-122.369,2460,18540
3528900771,600000.0,3,3.25,1690,1473,2.0,0,0,3,8,1380,310,2008,0,98109,47.6397,-122.345,1670,2594
3438500796,310000.0,3,1.5,1060,6954,1.0,0,0,4,6,1060,0,1983,0,98106,47.5497,-122.355,1560,6372
6388920460,535000.0,3,2.5,2110,8164,2.0,0,0,3,9,2110,0,1990,0,98056,47.5269,-122.171,2390,7499
7840800135,290000.0,1,2.0,1240,4800,2.0,0,0,3,6,1240,0,1910,0,98055,47.4778,-122.211,1030,4800
9347300010,342000.0,3,2.5,1960,3540,2.0,0,0,3,8,1960,0,2012,0,98038,47.3568,-122.055,1840,3825
263000253,380000.0,3,2.25,1550,1485,3.0,0,0,3,8,1550,0,2011,0,98103,47.6989,-122.346,1550,1480
7304301085,322500.0,2,1.0,1130,8184,1.0,0,0,3,6,1130,0,1947,0,98155,47.7473,-122.32,1010,8184
7199350340,460000.0,3,1.75,1440,7070,1.0,0,0,3,7,1440,0,1980,0,98052,47.6947,-122.125,1440,7210
8645900080,427000.0,3,2.0,1720,128066,1.0,0,0,3,7,1720,0,1994,0,98027,47.4487,-121.981,2360,111078
8835200800,281000.0,2,1.0,930,2600,1.0,0,0,3,7,930,0,1981,0,98034,47.7242,-122.161,1370,3488
8956000250,615000.0,3,2.5,1980,3128,2.0,0,0,3,8,1890,90,2009,0,98027,47.5456,-122.016,2160,2240
1563102880,849000.0,4,2.0,2160,6300,1.5,0,1,4,8,2160,0,1928,0,98116,47.5662,-122.404,1980,5152
871001611,616000.0,4,1.75,1700,5846,1.0,0,0,3,8,1700,0,1957,0,98199,47.6539,-122.408,1480,5177
7215720420,640000.0,4,2.5,2210,7722,2.0,0,0,3,9,2210,0,1999,0,98075,47.5992,-122.019,2970,8683
3760500516,835000.0,5,4.0,3600,14720,1.0,0,2,5,8,1800,1800,1960,0,98034,47.7022,-122.227,3600,15358
2028700570,560000.0,3,3.25,1530,1786,2.0,0,0,3,8,1200,330,2007,0,98117,47.6783,-122.366,1390,2900
7237600130,852000.0,4,1.0,2220,3588,1.5,0,0,4,7,1470,750,1927,0,98115,47.6854,-122.308,1740,3588
9542000340,500000.0,3,1.75,1560,16194,1.0,0,0,3,8,1560,0,1961,0,98005,47.5966,-122.175,2430,16193
6117500025,530000.0,5,2.75,3230,13572,1.0,0,2,3,8,1880,1350,1965,0,98166,47.4393,-122.347,2910,15292
7772400160,279950.0,3,1.75,1510,11234,1.0,0,0,3,7,1210,300,1965,0,98155,47.7571,-122.328,2080,9076
1705400055,519000.0,4,1.0,1640,6305,1.5,0,0,5,6,1640,0,1907,0,98118,47.5563,-122.28,1590,4816
2344300220,1100000.0,4,3.5,2210,7597,1.0,0,0,4,9,1550,660,1977,2006,98004,47.5816,-122.197,2370,8811
9438300035,355000.0,3,1.75,2040,8173,1.0,0,0,3,7,1470,570,1958,0,98133,47.7439,-122.333,1900,8172
9178600560,690000.0,2,1.0,970,4560,1.0,0,0,4,7,970,0,1907,0,98103,47.6561,-122.332,1500,4560
4058000060,416000.0,3,2.0,2220,94300,1.0,0,0,5,7,1640,580,1976,0,98010,47.3459,-121.95,2070,80100
8651520160,645000.0,4,2.5,2690,18653,2.0,0,0,3,8,2690,0,1985,0,98074,47.6449,-122.059,2230,9744
7642200095,230000.0,3,1.0,1250,8800,1.0,0,0,3,7,1250,0,1955,0,98146,47.497,-122.357,1480,8200
2025700270,260250.0,3,1.75,1490,8357,1.0,0,0,4,7,1490,0,1993,0,98038,47.3473,-122.037,1490,7376
7172200125,1050000.0,3,2.5,3400,5119,2.0,0,0,3,8,2300,1100,2014,0,98115,47.6843,-122.305,1740,5969
7974200510,415000.0,2,1.0,1070,4500,1.0,0,0,3,7,1070,0,1937,0,98115,47.6802,-122.29,1320,4465
9268200050,449950.0,3,1.75,1470,7590,1.0,0,0,3,7,1470,0,1988,0,98117,47.6964,-122.362,1700,5080
3224500240,950000.0,3,2.75,2750,18029,1.0,0,2,5,9,1810,940,1978,0,98006,47.5617,-122.134,2850,10021
1630700380,1920000.0,5,5.75,7730,230868,2.0,0,0,3,12,6660,1070,2004,0,98077,47.7615,-122.084,2660,39292
3291800710,338000.0,4,3.0,2090,7500,1.0,0,0,3,7,1370,720,1986,0,98056,47.4888,-122.182,1810,7650
1727850340,1272000.0,4,2.75,3200,13729,2.0,0,0,3,11,3200,0,1984,0,98005,47.6402,-122.171,4050,16921
3241600150,287000.0,3,1.0,1450,6000,1.0,0,0,4,7,1450,0,1953,0,98118,47.5238,-122.287,1170,6464
5637500082,346000.0,3,2.0,1060,1184,2.0,0,0,3,7,730,330,2006,0,98136,47.5443,-122.385,1270,1601
2473400570,317000.0,3,2.0,1760,11410,1.0,0,0,5,7,1060,700,1977,0,98058,47.4528,-122.163,1680,9165
424049039,570000.0,3,2.0,1640,2808,1.0,0,3,4,7,820,820,1924,0,98144,47.5945,-122.291,2270,5328
621069074,365000.0,3,2.5,1720,99916,2.0,0,0,4,7,1720,0,1990,0,98042,47.3391,-122.093,1340,73180
257000038,293550.0,4,1.75,2120,9706,1.0,0,0,3,7,1370,750,1965,0,98168,47.4939,-122.297,1730,11337
513000585,631500.0,4,2.0,2530,5650,1.5,0,0,4,8,1910,620,1910,0,98116,47.5778,-122.382,1310,5750
3920000040,280000.0,5,2.0,2110,7919,1.0,0,0,3,7,1110,1000,1966,0,98118,47.5164,-122.267,1590,5250
321030010,310000.0,4,2.5,2310,7384,2.0,0,0,3,8,2310,0,2010,0,98042,47.3737,-122.165,2310,7800
98000130,1425000.0,4,5.0,4630,24054,2.0,0,3,3,11,4630,0,2005,0,98075,47.587,-121.966,4630,17584
5029450200,265000.0,3,1.5,1520,6805,1.0,0,0,4,7,1040,480,1981,0,98023,47.2907,-122.367,1440,7041
2207100635,419900.0,3,1.5,1450,7000,1.0,0,0,3,7,1450,0,1955,0,98007,47.5983,-122.15,1490,7245
6844700575,799000.0,3,2.0,2550,4794,2.0,0,0,3,9,2550,0,2007,0,98115,47.6955,-122.29,1630,5100
1201500010,833000.0,4,2.5,2190,12690,1.0,0,2,3,8,1170,1020,1973,0,98033,47.6627,-122.189,2630,10843
255370020,345000.0,4,2.5,2020,3600,2.0,0,0,3,7,2020,0,2012,0,98038,47.3535,-122.017,2210,3800
3583300135,460000.0,3,2.25,2350,10450,1.0,0,0,3,8,1390,960,1977,0,98028,47.7433,-122.259,2250,10450
9412900045,462000.0,3,1.5,1710,4500,1.5,0,0,3,8,1410,300,1928,0,98118,47.5366,-122.268,1860,6000
5100402310,425000.0,2,1.0,1280,5026,1.0,0,2,4,8,1020,260,1951,0,98115,47.6938,-122.312,1540,6380
8645530010,295000.0,3,2.0,1400,7384,1.0,0,0,3,7,1150,250,1979,0,98058,47.4655,-122.174,1820,7992
7284900385,970000.0,4,3.25,2790,5420,1.0,0,3,3,9,1130,1660,1963,2013,98177,47.7698,-122.386,2530,7200
1545805030,266500.0,3,2.25,1740,5460,1.0,0,0,3,7,1210,530,1998,0,98038,47.3648,-122.046,1740,7500
740500040,265000.0,4,1.0,1860,8505,1.0,0,0,4,7,1860,0,1955,0,98055,47.4406,-122.194,1560,8505
9201000460,705000.0,4,2.25,2620,10536,1.0,0,0,3,8,1520,1100,1979,0,98075,47.5847,-122.075,2760,12431
2869200110,930000.0,3,2.5,3290,6830,2.0,0,0,3,10,3290,0,2000,0,98052,47.6702,-122.142,3200,6227
2589300170,366350.0,4,1.0,1680,5043,1.5,0,0,4,6,1680,0,1911,0,98118,47.5354,-122.273,1560,5765
6822100030,589000.0,3,1.0,1110,6000,1.5,0,0,5,7,1110,0,1932,0,98199,47.6496,-122.403,1420,6000
2710600045,460000.0,3,1.75,1550,4708,1.0,0,0,4,7,860,690,1949,0,98115,47.6759,-122.286,1880,5600
5093300280,1681000.0,5,5.25,4830,18707,2.0,0,1,5,9,3930,900,1952,1998,98040,47.5858,-122.247,2880,10520
6072800265,2395000.0,4,3.25,3800,19798,2.0,0,0,3,10,3800,0,1969,2009,98006,47.5684,-122.19,3940,18975
2202500110,430000.0,3,1.5,1690,9708,1.5,0,0,5,7,1690,0,1954,0,98006,47.5732,-122.136,1570,9858
3630080430,451000.0,4,2.5,1670,3315,2.0,0,0,3,7,1670,0,2005,0,98029,47.5532,-121.998,1650,2051
8096800260,272000.0,3,2.5,1528,7616,2.0,0,0,3,7,1528,0,2011,0,98030,47.3774,-122.186,1850,7340
1175000073,500000.0,4,1.0,1720,4011,1.5,0,0,4,7,1720,0,1904,0,98107,47.6719,-122.396,1580,3784
9822700285,657500.0,4,1.5,1910,5000,1.5,0,0,3,7,1610,300,1912,0,98105,47.6597,-122.29,2170,5000
7131300063,350000.0,4,1.75,2140,4959,1.0,0,0,3,7,1080,1060,1965,0,98118,47.5166,-122.266,1590,5250
7702010050,590000.0,3,2.5,2830,5788,2.0,0,0,3,9,2830,0,2001,0,98028,47.7604,-122.235,2500,5802
2021200770,895000.0,2,1.75,1700,3618,1.0,0,1,3,8,1260,440,1950,0,98199,47.6336,-122.397,2200,5000
3585900495,1250000.0,3,2.5,3670,18505,1.0,0,4,3,10,2530,1140,1983,0,98177,47.7588,-122.376,2920,20000
9412710440,305000.0,4,2.75,2030,8600,1.0,0,0,4,7,1230,800,1977,0,98042,47.3942,-122.16,1810,8600
2568300045,649950.0,6,2.0,1900,8240,1.0,0,0,2,7,1200,700,1964,0,98125,47.7037,-122.296,1900,8240
1934800142,375000.0,2,1.5,1050,1046,2.0,0,0,3,8,960,90,2007,0,98122,47.6028,-122.309,1470,1768
1724069059,2000000.0,5,4.0,4580,4443,3.0,1,4,3,10,4580,0,2004,0,98075,47.5682,-122.059,2710,4443
9349900105,795000.0,2,1.0,1380,5000,1.5,0,2,3,5,1380,0,1905,0,98106,47.5708,-122.359,1500,5000
3814900660,471835.0,4,2.5,3281,5354,2.0,0,0,3,9,3281,0,2014,0,98092,47.3273,-122.163,2598,4815
7131300032,235000.0,4,2.0,1540,9279,1.0,0,0,3,7,1540,0,1955,0,98118,47.5163,-122.268,1540,5110
4137020360,265000.0,3,2.5,1780,6527,2.0,0,0,3,8,1780,0,1989,0,98092,47.2578,-122.217,2040,8840
1523059239,475000.0,5,3.5,2780,3583,2.0,0,0,3,8,2180,600,2005,0,98059,47.4879,-122.152,2640,3850
7954000125,562000.0,3,1.75,1880,5978,1.0,0,0,5,7,940,940,1957,0,98144,47.5793,-122.294,1930,4770
4457300135,741000.0,4,2.75,2070,10125,1.0,0,0,3,7,1390,680,1962,0,98040,47.5697,-122.219,1850,10125
442000175,515000.0,2,1.0,1150,5664,1.0,0,0,3,7,870,280,1948,0,98115,47.6894,-122.284,1380,5664
5316100106,1399000.0,3,2.5,2560,3600,2.0,0,0,3,9,2110,450,1967,2003,98112,47.632,-122.279,2690,4800
5561401220,670000.0,6,3.0,4050,36171,2.0,0,0,4,8,2620,1430,1970,0,98027,47.4708,-122.015,3660,42874
3304300380,600000.0,5,2.75,3380,8179,2.0,0,0,3,9,3380,0,2011,0,98059,47.4827,-122.135,2840,8179
1312930250,242000.0,3,1.75,1310,9645,1.0,0,0,3,7,1310,0,1979,0,98198,47.4051,-122.29,1440,9893
4310701565,425000.0,3,3.25,1410,1350,3.0,0,0,3,8,1410,0,2005,0,98103,47.698,-122.34,1410,1253
3288100290,605000.0,3,2.75,3230,9576,1.5,0,0,4,8,3230,0,1966,0,98034,47.7307,-122.183,2820,9576
3949600090,335000.0,3,1.0,980,9903,1.0,0,0,4,7,980,0,1966,0,98028,47.7746,-122.239,1830,9903
7461420230,336500.0,4,1.75,1760,7268,1.0,0,0,4,7,1080,680,1979,0,98058,47.4267,-122.148,1830,8786
6072800205,2375000.0,4,2.5,3220,20251,1.0,0,0,3,10,3220,0,1969,0,98006,47.5692,-122.192,4200,22114
1726069198,850000.0,3,2.5,3260,91911,2.0,0,0,4,9,3260,0,1984,0,98077,47.737,-122.074,2520,65775
643300010,365000.0,3,1.75,1410,9150,1.0,0,0,5,7,1410,0,1959,0,98006,47.5683,-122.178,1800,9940
100600320,213950.0,3,1.0,1430,7000,1.0,0,0,3,6,1430,0,1968,0,98023,47.3018,-122.369,1050,7700
6145601599,250000.0,2,1.5,982,846,2.0,0,0,3,8,806,176,2006,0,98133,47.7034,-122.345,1010,3844
5317100780,1300000.0,4,3.25,2330,9687,2.0,0,3,3,9,2330,0,1918,0,98112,47.6264,-122.283,3880,9017
3343903640,249000.0,3,1.75,1400,5648,1.5,0,0,5,6,1400,0,1917,0,98056,47.5133,-122.196,2320,9420
117000001,540000.0,4,4.25,1960,3565,2.0,0,0,3,7,1960,0,1940,2003,98116,47.5849,-122.384,1920,5750
5453700060,875000.0,4,1.75,2180,9726,1.0,0,0,4,9,2180,0,1966,0,98040,47.5359,-122.233,2560,10244
6837700170,375000.0,2,1.0,1010,4050,1.0,0,0,3,7,1010,0,1950,0,98116,47.5838,-122.382,2310,5000
126049169,450000.0,3,1.75,1540,61419,1.0,0,0,3,7,1540,0,1967,0,98028,47.7663,-122.228,3790,8529
6073230230,425000.0,3,2.25,1400,6970,2.0,0,0,3,8,1400,0,1984,0,98006,47.542,-122.184,1800,8140
7979900680,354500.0,3,1.0,1150,11396,1.5,0,0,4,7,1150,0,1950,0,98155,47.7435,-122.296,1600,8146
3205400230,347000.0,3,1.0,1010,7200,1.0,0,0,3,7,1010,0,1968,0,98034,47.7225,-122.179,1120,7200
4154300505,315000.0,2,1.0,780,7200,1.0,0,0,2,6,780,0,1935,0,98118,47.5609,-122.279,1750,7200
1493300115,415000.0,4,1.0,1620,4329,1.5,0,0,3,7,1620,0,1927,0,98116,47.5728,-122.388,1220,5520
3629200020,960000.0,4,2.5,3180,10105,2.0,0,0,4,9,3180,0,1986,0,98040,47.5328,-122.226,2670,10355
3820350140,300000.0,3,2.5,1590,3381,2.0,0,0,3,7,1590,0,2000,0,98019,47.7344,-121.986,1820,3383
11501310,715000.0,3,3.25,3060,9055,2.0,0,0,3,10,2460,600,1994,0,98052,47.6971,-122.101,2990,9598
3523029077,297000.0,3,1.0,1340,18000,1.0,0,0,4,7,1340,0,1924,0,98070,47.4443,-122.509,1660,196591
2260000210,565000.0,3,1.75,2380,10450,1.0,0,0,3,8,1400,980,1977,0,98052,47.6409,-122.111,2150,9600
7752700110,554000.0,5,2.25,1870,11411,1.0,0,0,4,8,1170,700,1961,0,98155,47.7445,-122.289,2420,10793
3574801110,405000.0,4,2.75,2360,7716,1.0,0,0,3,7,1390,970,1978,0,98034,47.7301,-122.223,2160,8794
9183701085,302000.0,4,1.5,1790,10200,1.0,0,0,4,8,1210,580,1963,0,98030,47.3774,-122.225,1540,6600
976000879,700000.0,4,2.0,1930,5398,1.0,0,0,3,7,1430,500,1953,0,98119,47.646,-122.363,1910,4902
923000414,670000.0,3,1.75,1850,8160,1.0,0,0,3,8,1850,0,1952,0,98177,47.7241,-122.363,1600,8160
3191000240,400000.0,3,1.75,1590,8219,1.5,0,0,5,6,970,620,1938,0,98034,47.7146,-122.217,2030,7504
3904100089,190000.0,3,1.75,1350,7370,1.0,0,0,4,6,1350,0,1912,0,98118,47.5336,-122.278,1440,6000
7588700080,925000.0,4,2.5,3350,4501,2.0,0,0,3,9,2640,710,2002,0,98117,47.688,-122.379,1000,4500
3298700110,373000.0,3,2.5,2990,6771,1.0,0,0,3,7,1550,1440,2003,0,98106,47.5237,-122.353,1800,6771
255450340,387865.0,3,2.5,2370,4200,2.0,0,0,3,8,2370,0,2014,0,98038,47.3696,-122.018,2370,4200
2597500840,209950.0,3,1.5,1180,7300,1.0,0,0,4,7,1180,0,1968,0,98002,47.2857,-122.197,2030,8424
9432900560,290000.0,3,2.5,2360,8764,2.0,0,0,3,8,2360,0,1991,0,98022,47.2114,-122.009,2360,8746
1025059186,438000.0,3,1.75,1990,9885,1.0,0,0,4,7,1030,960,1978,0,98052,47.6722,-122.162,1560,10000
9528101032,600000.0,3,3.0,1520,1800,3.0,0,0,3,7,1520,0,2003,0,98115,47.6822,-122.326,1520,1500
1623049041,82500.0,2,1.0,520,22334,1.0,0,0,2,5,520,0,1951,0,98168,47.4799,-122.296,1572,10570
5635100080,359950.0,4,2.5,2542,6120,2.0,0,0,3,8,2542,0,2014,0,98030,47.3751,-122.188,2419,8984
3250500140,850000.0,3,1.75,1400,9900,1.0,0,0,3,7,1400,0,1951,0,98004,47.6272,-122.209,1810,10796
9465910380,540000.0,4,2.25,2850,7453,2.0,0,0,3,9,2850,0,1991,0,98072,47.7439,-122.174,2700,8468
7853420100,633634.0,4,3.5,2960,6000,2.0,0,0,3,9,2960,0,2014,0,98065,47.5183,-121.886,2960,6000
1687000220,285000.0,4,2.5,2434,4400,2.0,0,0,3,8,2434,0,2007,0,98001,47.2874,-122.283,2434,4400
3682000060,349950.0,4,3.5,2796,3520,2.5,0,0,3,8,2796,0,2013,0,98001,47.3427,-122.278,2040,5195
7199330010,525000.0,3,1.75,1720,7200,1.0,0,0,3,7,1140,580,1977,0,98052,47.6977,-122.132,1700,8400
2239000011,500000.0,4,2.0,1530,7816,1.0,0,0,3,7,1530,0,1955,0,98133,47.7309,-122.332,1480,7816
1951600240,185000.0,3,1.0,1240,9198,1.5,0,0,4,7,1240,0,1959,0,98032,47.37,-122.297,1170,8970
898000220,262500.0,3,1.5,1610,10291,1.0,0,0,4,7,1610,0,1961,0,98022,47.2025,-121.999,1410,7729
5611500140,686000.0,4,2.5,2760,6440,2.0,0,0,3,10,2760,0,1999,0,98075,47.5836,-122.026,3070,8127
7852110050,574000.0,3,2.5,2380,6832,2.0,0,0,3,8,2380,0,2002,0,98065,47.5372,-121.876,2580,6832
4392200165,440000.0,1,1.0,850,6567,1.0,0,0,4,6,850,0,1940,0,98010,47.327,-122.039,2160,9794
5700003640,2095000.0,5,3.75,5340,10655,2.5,0,3,4,10,3740,1600,1912,0,98144,47.5795,-122.285,3910,9418
7625702431,389500.0,3,2.5,1350,874,3.0,0,0,3,8,1270,80,2006,0,98136,47.549,-122.387,1350,886
2872900050,400000.0,3,2.5,1450,8064,1.0,0,0,3,8,1450,0,1984,0,98074,47.6256,-122.037,1710,9554
4365200895,364000.0,4,1.0,1210,7740,1.5,0,0,3,7,1210,0,1922,0,98126,47.5216,-122.374,1100,7740
2916600110,214946.0,3,1.75,1290,8688,1.0,0,0,4,7,1290,0,1980,0,98042,47.3655,-122.08,1750,9090
7202330410,491150.0,3,2.5,1470,3971,2.0,0,0,3,7,1470,0,2003,0,98053,47.6816,-122.035,1650,3148
6799300130,300000.0,4,2.5,1840,5550,2.0,0,0,3,8,1840,0,2004,0,98031,47.3937,-122.183,2030,5500
6145600285,300000.0,2,1.0,820,3844,1.0,0,0,4,6,820,0,1916,0,98133,47.7049,-122.349,1520,3844
7017200120,358000.0,2,1.0,930,5077,1.0,0,0,3,6,930,0,1939,0,98133,47.7095,-122.35,1080,5803
1423089162,415900.0,3,2.5,1670,22703,1.0,0,0,3,7,1310,360,1988,0,98045,47.4708,-121.756,1510,16817
7201800300,397500.0,3,1.75,1300,8480,1.0,0,0,3,7,1300,0,1969,0,98052,47.6991,-122.13,1740,7280
7410200431,430000.0,3,3.25,1550,1444,3.0,0,0,3,8,1550,0,2006,0,98115,47.6767,-122.291,1550,1444
4154305085,690000.0,5,3.5,2690,4800,2.0,0,2,3,8,1930,760,1919,1984,98118,47.5592,-122.269,2080,4900
5126900321,295000.0,4,2.5,2290,4539,2.0,0,0,3,7,2290,0,2001,0,98058,47.4753,-122.172,1710,7200
3343901408,569888.0,4,2.5,2590,6474,2.0,0,0,3,8,2590,0,2014,0,98056,47.5164,-122.19,1960,8679
2025700860,287000.0,3,2.25,1370,6000,2.0,0,0,4,7,1370,0,1992,0,98038,47.3484,-122.033,1370,6200
5710610250,500000.0,5,3.25,3130,12087,2.0,0,0,3,8,2180,950,1975,0,98027,47.5336,-122.052,2410,10350
3585900500,1525000.0,4,4.25,4720,21000,3.0,0,4,5,11,4720,0,1971,0,98177,47.7591,-122.376,3010,20000
1118000935,1738000.0,4,2.25,2920,6513,2.0,0,0,4,9,2260,660,1937,0,98112,47.638,-122.29,4510,9248
4078300050,780000.0,3,2.75,2910,3094,2.0,0,2,5,7,2010,900,1939,0,98125,47.7071,-122.276,2400,7530
486000510,1325000.0,4,3.0,3370,7920,1.0,0,3,3,10,1860,1510,1988,0,98117,47.6773,-122.403,2730,7380
255000270,410000.0,3,2.25,1790,5794,1.5,0,0,3,7,1380,410,1985,0,98072,47.7477,-122.171,2140,7769
3052700213,461100.0,2,2.25,1210,1267,2.0,0,0,3,8,1120,90,2010,0,98117,47.6783,-122.376,1360,1349
4139420070,1195000.0,5,3.25,5180,19606,1.0,0,0,3,11,2610,2570,1993,0,98006,47.555,-122.114,4050,15296
3811300110,349950.0,5,2.5,2250,7176,1.0,0,0,3,7,1310,940,1983,0,98055,47.4486,-122.194,1550,9081
8562700300,542000.0,3,1.75,1070,8030,1.0,0,0,3,7,1070,0,1966,2014,98052,47.67,-122.155,1540,7875
1920079103,390500.0,2,1.75,1460,426450,1.0,0,0,5,7,960,500,1966,0,98022,47.2079,-121.967,1810,17350
5127000430,320000.0,4,1.75,1730,9520,1.0,0,0,4,7,1730,0,1971,0,98059,47.4756,-122.157,1550,11211
1732800184,499000.0,2,1.5,1110,957,2.0,0,0,3,8,930,180,2005,0,98119,47.6319,-122.362,1680,1104
148000680,530000.0,3,1.75,1660,4800,1.0,0,0,3,7,960,700,1941,1996,98116,47.5734,-122.412,1510,4800
6661200080,230000.0,3,2.5,1340,3011,2.0,0,0,3,7,1340,0,1995,0,98038,47.3839,-122.038,1060,3232
2926049504,500000.0,3,2.25,1700,9008,1.0,0,0,3,8,1340,360,1985,0,98125,47.7161,-122.317,2340,8003
1622049154,289900.0,3,1.75,1899,11325,2.0,0,0,3,7,1899,0,1943,2005,98198,47.3987,-122.3,2000,10454
1762600260,1050000.0,4,3.25,3440,35021,2.0,0,0,3,10,3440,0,1983,0,98033,47.6476,-122.184,3440,35021
3024059149,1065000.0,4,2.25,3240,12930,2.0,0,0,4,9,2730,510,1968,0,98040,47.5373,-122.22,2610,12884
5318100965,1600000.0,4,3.5,3890,3600,2.0,0,0,3,9,2860,1030,2005,0,98112,47.6342,-122.282,2460,6050
2180001080,277500.0,3,2.0,1260,22100,2.0,0,0,4,7,1260,0,1981,0,98023,47.2772,-122.354,1430,13000
3438501081,315000.0,3,1.0,970,6828,1.0,0,0,3,6,970,0,1928,0,98106,47.5476,-122.36,1160,11666
1788800080,184900.0,3,1.0,1040,10080,1.0,0,0,3,6,1040,0,1959,0,98023,47.329,-122.343,1000,8736
452001280,529950.0,3,1.0,1240,5000,1.5,0,0,5,7,1240,0,1909,0,98107,47.6755,-122.367,1240,4900
6071600370,500000.0,4,2.25,2030,8517,1.0,0,0,4,8,1380,650,1961,0,98006,47.5495,-122.174,2230,8824
7987401095,549950.0,3,2.5,2380,2500,3.0,0,3,3,9,2380,0,1988,0,98126,47.5734,-122.375,2270,5000
1222029077,265000.0,0,0.75,384,213444,1.0,0,0,3,4,384,0,2003,0,98070,47.4177,-122.491,1920,224341
8825900465,599000.0,3,1.75,1960,4788,1.0,0,0,4,7,1090,870,1920,0,98115,47.6746,-122.312,1960,3960
3812400455,291000.0,7,1.0,2350,8636,1.0,0,0,3,7,1550,800,1962,0,98118,47.5432,-122.277,1500,7366
3856904825,380000.0,2,1.0,980,3400,1.0,0,0,3,7,980,0,1923,0,98105,47.6688,-122.323,1200,3420
7853340960,425590.0,3,2.75,1940,3088,2.0,0,3,3,8,1770,170,2008,0,98065,47.5185,-121.878,1410,2335
524059322,999999.0,3,2.5,2100,4097,2.0,0,0,3,9,2100,0,2008,0,98004,47.5983,-122.2,1780,4764
6028000090,438000.0,3,2.25,2340,14279,1.0,0,0,3,8,1340,1000,1965,0,98006,47.5715,-122.124,2340,13600
5249804560,510000.0,4,1.0,1060,7200,1.0,0,1,3,6,880,180,1925,0,98118,47.5591,-122.268,1910,7200
7524950830,585000.0,3,1.75,1850,7735,1.0,0,0,4,8,1850,0,1983,0,98027,47.5608,-122.082,2220,7639
2890100060,385000.0,4,1.5,2040,10726,1.0,0,0,3,7,1380,660,1954,0,98177,47.772,-122.358,1610,10020
818500100,174500.0,2,2.5,1240,2689,2.0,0,0,3,7,1240,0,1986,0,98003,47.3236,-122.323,1430,3609
1026069163,630000.0,3,2.5,2460,38794,2.0,0,0,3,9,2460,0,1999,0,98077,47.7602,-122.022,2470,51400
5101405124,435000.0,4,2.5,1700,6380,1.0,0,0,4,7,850,850,1940,0,98115,47.6988,-122.319,1380,6380
7015200615,820000.0,4,2.25,2280,6660,1.5,0,2,3,8,1960,320,1940,1984,98119,47.6503,-122.368,1720,5336
4337000200,228900.0,4,1.5,1570,8775,1.0,0,0,3,7,1570,0,1943,0,98166,47.4789,-122.335,980,8775
7701990700,825000.0,4,2.5,3210,18901,2.0,0,0,3,10,3210,0,1993,0,98077,47.709,-122.073,3330,18901
9406530150,344000.0,4,2.5,2400,4848,2.0,0,0,3,8,2400,0,2004,0,98038,47.3626,-122.04,1980,5199
2203500140,320000.0,4,1.5,1100,11824,1.0,0,0,4,7,1100,0,1954,0,98006,47.5704,-122.141,1380,11796
853200010,3800000.0,5,5.5,7050,42840,1.0,0,2,4,13,4320,2730,1978,0,98004,47.6229,-122.22,5070,20570
1226039058,425000.0,4,1.75,2520,11017,1.0,0,0,4,7,1320,1200,1956,0,98133,47.7604,-122.356,1660,8775
3442000127,685000.0,4,2.5,2310,5100,2.0,0,0,3,9,2310,0,2013,0,98177,47.7039,-122.36,1260,5100
4218400671,1655000.0,4,2.25,3530,5500,2.0,0,0,3,8,2860,670,1940,0,98105,47.6618,-122.273,2840,5500
3625600190,1255000.0,4,2.5,3510,13100,2.0,0,0,4,10,3510,0,1966,0,98040,47.5306,-122.227,3230,12745
3343302110,1800000.0,3,3.0,2790,13295,2.0,1,4,4,10,2370,420,1933,1989,98006,47.5466,-122.197,3140,11949
1523560030,689000.0,4,2.5,2110,6069,2.0,0,0,3,9,2110,0,1999,0,98052,47.6374,-122.111,2180,9000
3211100730,360000.0,3,1.75,1560,7930,2.0,0,0,4,7,1560,0,1980,0,98059,47.4779,-122.161,1720,8073
9346930100,610000.0,4,2.5,2440,9350,1.0,0,0,4,8,1560,880,1976,0,98006,47.5614,-122.13,2260,8500
7224000450,230000.0,6,1.5,1810,4838,1.5,0,0,4,5,1050,760,1905,0,98055,47.4874,-122.202,1300,4838
1972205633,550000.0,3,2.0,1420,1369,2.5,0,0,3,9,1340,80,2007,0,98109,47.6472,-122.357,1540,2168
3329510200,299900.0,3,2.25,2100,8163,2.0,0,0,3,7,2100,0,1984,0,98001,47.3336,-122.269,1410,7515
8019200845,245000.0,2,1.0,1020,15000,1.5,0,0,3,6,1020,0,1933,0,98168,47.4956,-122.321,1480,14519
2721059173,204555.0,3,1.75,1260,15000,1.5,0,0,4,7,1260,0,1983,0,98092,47.2737,-122.153,2400,21715
7436600090,287000.0,4,1.5,1300,10050,1.5,0,0,3,7,1300,0,1963,0,98059,47.4899,-122.116,1730,10050
9238450160,389000.0,3,1.0,1280,9630,1.0,0,0,3,7,1280,0,1968,0,98072,47.7677,-122.163,1300,9453
993002127,436000.0,3,2.25,1480,1384,3.0,0,0,3,8,1480,0,2008,0,98103,47.691,-122.342,1310,1329
3819500065,290000.0,3,1.75,1460,7980,1.0,0,0,3,7,1460,0,1972,0,98028,47.7713,-122.265,1920,7980
9554200105,625000.0,4,2.0,2020,6867,1.0,0,0,5,8,1010,1010,1942,0,98115,47.7,-122.292,1250,6842
2997800024,450000.0,2,1.5,1310,1264,2.0,0,0,3,8,1120,190,2006,0,98106,47.5772,-122.409,1330,1265
7234601162,570000.0,3,3.5,1460,1021,2.0,0,0,3,8,1150,310,2006,0,98122,47.6169,-122.309,1460,1245
3438500036,545000.0,5,3.75,2380,7268,1.0,0,0,3,8,1430,950,2008,0,98106,47.5571,-122.357,2040,10810
726049190,287500.0,3,1.0,1810,7200,1.0,0,0,4,7,1130,680,1954,0,98133,47.7493,-122.351,1810,8100
629400480,775000.0,4,2.75,3010,15992,2.0,0,0,3,11,3010,0,1996,0,98075,47.5895,-121.994,3330,12333
2725069085,864000.0,4,2.5,3190,49658,2.0,0,0,3,10,3190,0,1999,0,98074,47.6216,-122.015,3040,49658
5152920070,649000.0,3,2.5,3410,13809,1.0,0,3,4,10,2450,960,1973,0,98003,47.3424,-122.326,3410,14245
293760050,1050000.0,4,4.25,4390,13833,2.0,0,3,3,10,3320,1070,2003,0,98029,47.5566,-122.026,3850,11652
3826000070,185000.0,3,1.0,1150,8100,1.0,0,0,3,6,1150,0,1932,0,98168,47.494,-122.307,1120,8100
5694000706,535000.0,3,2.75,1320,1125,3.0,0,0,3,8,1320,0,2008,0,98103,47.6598,-122.348,1320,1266
2862500060,834950.0,5,2.75,3230,6500,2.0,0,0,3,9,3230,0,2014,0,98074,47.6237,-122.023,3180,7624
8644210110,792000.0,3,2.5,3320,12840,1.0,0,0,3,10,2600,720,1990,0,98075,47.5783,-121.994,3230,14933
34001160,590000.0,3,2.0,3030,9374,1.0,0,1,4,7,2100,930,1959,0,98136,47.5289,-122.391,1990,6012
293910030,655000.0,4,2.5,2570,4412,2.0,0,0,3,9,2570,0,2001,0,98034,47.7076,-122.232,2460,5470
5021900160,711000.0,4,1.75,1980,10800,1.0,0,0,5,6,990,990,1948,0,98040,47.5768,-122.222,2180,10800
3298200790,475000.0,3,1.0,1270,8000,1.0,0,0,4,6,1270,0,1959,0,98008,47.6175,-122.118,1210,7875
5016002240,1010000.0,3,2.25,2160,7500,2.0,0,0,3,10,2160,0,1982,0,98112,47.6232,-122.299,1550,3839
4140930110,828200.0,4,2.75,3400,7081,2.0,0,0,3,9,3400,0,2001,0,98006,47.5661,-122.123,3060,7081
1787600294,222000.0,2,1.0,830,6893,1.0,0,0,3,7,830,0,1950,0,98125,47.7234,-122.328,1470,7200
3581000340,340000.0,4,1.0,1230,8316,1.5,0,0,3,7,1230,0,1963,0,98034,47.7269,-122.24,1490,8316
2206900065,380000.0,3,1.5,1430,11173,1.0,0,0,1,7,1430,0,1955,0,98006,47.5734,-122.153,1520,11659
3625049088,2271150.0,4,3.25,4040,18916,1.0,0,0,4,9,4040,0,1954,0,98039,47.6155,-122.238,3000,18831
6411600113,375000.0,3,1.0,1210,7425,1.0,0,0,4,6,1210,0,1910,0,98133,47.7125,-122.33,1260,7425
4083300595,650000.0,3,1.0,1430,4240,1.5,0,0,3,7,1430,0,1924,0,98103,47.6595,-122.337,1660,4240
5100403818,369500.0,3,2.0,1108,1128,3.0,0,0,3,7,1108,0,2009,0,98115,47.6961,-122.318,1285,1253
3124089086,300000.0,4,1.0,1730,177657,1.5,0,0,3,5,1730,0,1948,0,98065,47.5163,-121.829,1400,45175
1277000240,735000.0,3,2.5,2540,6762,2.0,0,0,3,10,2540,0,1998,0,98007,47.6239,-122.144,2870,6631
423059039,365000.0,3,2.0,2030,8649,1.0,0,0,3,7,2030,0,1998,0,98056,47.5082,-122.166,1760,7200
9477200200,305000.0,3,1.75,1650,9480,1.0,0,0,3,7,1220,430,1977,0,98034,47.726,-122.191,1540,8400
7004200060,309600.0,4,1.75,1275,20000,1.0,0,0,4,6,1275,0,1991,0,98070,47.3796,-122.49,1660,20000
4140900050,440000.0,4,1.75,2180,10200,1.0,0,2,3,8,2000,180,1966,0,98028,47.7638,-122.27,2590,10445
7954310210,615000.0,4,2.5,3010,6903,2.0,0,0,3,9,3010,0,2001,0,98056,47.5213,-122.193,2860,6435
985001082,246000.0,3,1.5,1780,23819,1.0,0,0,3,7,1780,0,1953,0,98168,47.4912,-122.312,1130,14450
5017000575,569000.0,3,2.0,1990,3000,1.5,0,0,3,7,1230,760,1908,1970,98112,47.6272,-122.29,1600,4080
7649400170,675000.0,3,2.25,2070,2833,2.0,0,2,3,8,1490,580,1966,0,98136,47.5543,-122.398,1940,3794
2591820310,365000.0,4,2.25,2070,8893,2.0,0,0,4,8,2070,0,1986,0,98058,47.4388,-122.162,2390,7700
322069010,435000.0,3,2.0,2570,233481,1.5,0,0,4,8,2570,0,1986,0,98038,47.4199,-122.034,2280,157687
2719100240,850000.0,4,3.5,2640,5900,2.0,0,2,3,8,2640,0,1937,1998,98136,47.5421,-122.383,1700,5900
224069084,475000.0,3,1.0,1250,150117,1.0,0,0,3,7,1250,0,1975,0,98075,47.5956,-122.009,3060,50055
9530101290,700000.0,3,2.0,1940,4500,1.0,0,3,3,7,1090,850,1926,0,98107,47.6659,-122.359,1700,4500
1604600540,450000.0,3,1.0,1430,5960,1.5,0,0,4,7,1430,0,1917,0,98118,47.562,-122.289,1140,3960
629811360,690000.0,4,2.5,2740,8120,2.0,0,0,3,9,2740,0,1999,0,98074,47.6123,-122.006,2780,8344
7855800730,940000.0,4,2.5,3090,9238,1.0,0,3,4,8,1680,1410,1967,0,98006,47.5654,-122.163,2690,8500
3321079060,378000.0,3,1.75,2610,117176,1.0,0,0,3,7,1390,1220,1981,0,98022,47.2585,-121.925,2140,142005
3416600800,834000.0,4,2.5,2370,4000,1.5,0,2,5,8,1980,390,1928,0,98144,47.601,-122.294,2440,5750
3047700105,990000.0,4,3.75,3450,4940,2.0,0,0,3,10,2570,880,2006,0,98103,47.692,-122.338,1880,5387
3528000210,853000.0,4,2.25,3440,35025,2.0,0,0,3,10,3440,0,1988,0,98053,47.6674,-122.055,3210,35005
3066410800,685000.0,4,2.5,2770,10051,2.0,0,0,3,10,2770,0,1987,0,98074,47.6288,-122.043,2730,10675
7855801090,795000.0,5,2.5,3040,9570,1.0,0,2,4,8,1640,1400,1966,0,98006,47.5651,-122.164,2920,8800
3924500130,460000.0,2,2.5,1880,40575,1.0,0,0,3,9,1880,0,1987,0,98024,47.5614,-121.899,1930,32935
3321069006,905000.0,3,2.5,3520,237402,2.5,0,0,3,9,3520,0,2004,0,98092,47.2687,-122.056,2310,165963
2472920780,395000.0,4,2.5,2250,6840,2.0,0,0,3,9,2250,0,1987,0,98058,47.4398,-122.151,2480,7386
8658303065,307000.0,3,1.0,1370,7500,1.0,0,0,3,7,1370,0,1960,0,98014,47.6499,-121.915,1160,7500
9552700550,750000.0,3,2.5,2360,12987,2.0,0,0,3,8,2360,0,1983,0,98006,47.5471,-122.149,2480,11665
3630020380,379770.0,3,2.5,1470,1779,2.0,0,0,3,8,1160,310,2005,0,98029,47.5472,-121.998,1470,1576
2877103726,791500.0,4,2.0,1510,3500,1.5,0,0,5,7,1510,0,1911,0,98103,47.6794,-122.357,1820,3750
8651401720,215000.0,3,1.5,1610,5304,1.0,0,0,4,6,1610,0,1968,0,98042,47.3632,-122.087,1060,5304
844001485,320900.0,5,2.5,2200,8500,1.0,0,0,4,7,1400,800,1971,0,98010,47.3073,-122.006,1360,8855
2769602140,499950.0,3,2.0,1360,2500,1.0,0,0,3,7,730,630,1986,0,98107,47.6753,-122.363,1630,5000
818500490,153503.0,2,2.5,1240,3649,2.0,0,0,3,7,1240,0,1986,0,98003,47.3241,-122.322,1400,3721
6117501820,250275.0,2,1.0,790,11234,1.0,0,0,4,6,790,0,1942,0,98166,47.4413,-122.349,1930,11871
8100000110,241250.0,3,1.75,1350,7588,1.0,0,0,3,7,1350,0,1993,0,98010,47.3123,-122.023,1470,7341
3438501450,382000.0,2,1.0,870,10492,1.0,0,0,3,7,870,0,1937,0,98106,47.5467,-122.365,1300,7987
6895300050,529900.0,5,2.25,3030,9430,2.0,0,0,4,8,2600,430,1961,0,98133,47.7515,-122.353,2230,8425
7202331420,650000.0,4,2.5,3040,6587,2.0,0,0,3,7,3040,0,2003,0,98053,47.683,-122.039,2740,6587
4331400090,270000.0,3,1.5,1430,8960,1.0,0,0,4,6,1430,0,1953,0,98166,47.4759,-122.349,1560,10125
7697870350,259000.0,3,2.0,1870,5909,1.0,0,0,3,7,1270,600,1986,0,98030,47.3665,-122.183,1870,7887
2887700560,616500.0,3,2.0,2080,4549,1.0,0,0,5,7,1040,1040,1954,0,98115,47.6886,-122.309,1620,4549
1854900430,675000.0,4,2.5,2990,5400,2.0,0,0,3,8,2990,0,2005,0,98074,47.6122,-122.009,2890,6538
8025700590,215000.0,3,1.0,970,7275,1.0,0,0,4,7,970,0,1970,0,98031,47.4006,-122.188,1750,7200
2926049376,220000.0,2,1.0,1060,10423,1.5,0,0,3,7,1060,0,1965,0,98125,47.705,-122.313,2240,10200
7202340960,581000.0,3,2.5,2600,4438,2.0,0,0,3,7,2600,0,2004,0,98053,47.6799,-122.034,2600,4904
2856100185,365000.0,2,1.0,680,2550,1.0,0,0,4,5,680,0,1901,0,98117,47.6767,-122.388,1120,5100
8010100135,580000.0,3,1.5,1800,6250,1.0,0,0,3,8,1420,380,1947,0,98116,47.5778,-122.389,1800,5625
5205000160,350000.0,4,2.5,2650,10459,2.0,0,0,4,8,2650,0,1989,0,98003,47.2739,-122.293,2340,8777
2115510300,246000.0,3,2.25,1440,10500,1.0,0,0,3,8,1130,310,1983,0,98023,47.318,-122.391,1510,8125
2202500135,333000.0,5,1.75,1240,8936,1.0,0,0,3,7,1240,0,1954,0,98006,47.5738,-122.136,1600,9341
6752600130,351000.0,4,2.5,2370,7274,2.0,0,0,3,7,2370,0,1997,0,98031,47.3982,-122.171,2090,7656
9826701665,550000.0,3,2.5,2340,4200,1.5,0,0,3,7,1540,800,1906,0,98122,47.6033,-122.303,1590,4200
6431500280,393000.0,2,1.0,830,5000,1.0,0,0,4,7,830,0,1921,0,98103,47.6914,-122.352,1110,5000
9169600275,280000.0,2,1.0,2280,37500,2.0,0,0,3,7,2280,0,1932,0,98136,47.525,-122.389,2360,6000
7857001225,320000.0,3,1.0,1630,5000,1.0,0,0,3,7,930,700,1954,0,98108,47.5497,-122.295,1630,5480
4123840210,380000.0,3,2.5,1880,6047,2.0,0,0,3,8,1880,0,1993,0,98038,47.3722,-122.044,2120,7188
2946001950,248000.0,3,1.0,1260,6000,1.0,0,0,4,6,1260,0,1954,0,98198,47.4187,-122.323,1520,6600
271200130,215000.0,3,1.0,1690,7700,1.0,0,0,4,7,1690,0,1969,0,98003,47.3444,-122.304,1590,7700
8822900122,325000.0,3,2.25,1330,969,3.0,0,0,3,7,1330,0,2007,0,98125,47.7177,-122.292,1310,1941
7129300400,400000.0,6,2.0,2350,6554,2.0,0,1,3,8,2000,350,1905,0,98178,47.5115,-122.256,1560,6554
1445200110,275000.0,2,1.5,1160,1103,2.0,0,0,3,7,890,270,2006,0,98133,47.7677,-122.315,1160,1086
9136103130,430000.0,2,1.5,1090,4013,1.5,0,0,3,7,1090,0,1900,0,98103,47.6652,-122.338,1390,4013
5668500045,375000.0,3,2.0,1450,7300,1.5,0,0,5,7,1450,0,1955,0,98133,47.7517,-122.342,1660,9069
8965510190,1250000.0,4,2.5,3700,21755,1.0,0,4,3,11,2620,1080,1988,0,98006,47.5662,-122.108,3480,13786
8929000270,453246.0,3,2.5,2010,2287,2.0,0,0,3,8,1390,620,2014,0,98029,47.5517,-121.998,1690,1662
7972600910,433000.0,4,2.0,1840,4760,1.5,0,0,4,6,1080,760,1929,0,98106,47.5297,-122.349,1170,5950
3905100740,540000.0,4,2.5,1780,4169,2.0,0,0,3,8,1780,0,1994,0,98029,47.5695,-122.006,1830,4164
4299700095,254000.0,4,2.0,1510,4235,1.0,0,0,3,7,1510,0,1955,0,98108,47.546,-122.293,1510,4268
4055701110,795000.0,3,2.0,2420,17859,1.0,0,1,5,9,1500,920,1979,0,98034,47.7074,-122.246,2955,17859
1321720160,510000.0,4,3.0,3610,18948,2.0,0,0,3,10,3610,0,1993,0,98023,47.2911,-122.342,3568,18948
9831200159,2250000.0,3,3.25,3890,3452,2.0,0,0,3,12,2890,1000,2006,0,98102,47.626,-122.323,2860,2199
7504180170,410000.0,3,2.25,1450,19206,2.0,0,0,3,7,1450,0,1989,0,98074,47.62,-122.052,1710,21485
259000100,430000.0,3,1.75,1610,7900,1.0,0,0,4,8,1310,300,1960,0,98177,47.7588,-122.36,2210,7700
3826500730,220000.0,4,2.5,2130,9100,1.0,0,0,3,8,1290,840,1978,0,98030,47.3815,-122.169,1770,7700
8699800070,403900.0,4,2.5,2050,8909,1.0,0,2,4,8,1690,360,1986,0,98198,47.398,-122.31,2190,8912
1332000110,635000.0,4,2.5,2490,40608,2.0,0,0,3,9,2490,0,1997,0,98053,47.6507,-122.004,3170,45441
3052700472,499000.0,3,2.5,1460,1614,2.0,0,0,3,8,1180,280,2007,0,98117,47.6781,-122.374,1380,1402
1310700390,320000.0,5,2.25,2630,8625,2.0,0,0,3,8,2630,0,1966,0,98032,47.3619,-122.287,1880,8670
8813400345,575000.0,2,1.0,980,3663,1.0,0,0,5,7,980,0,1909,0,98105,47.6645,-122.288,1620,3706
1529300435,440000.0,3,1.0,1610,5500,1.5,0,0,3,7,1610,0,1903,1973,98103,47.698,-122.351,1200,5701
6204400270,390000.0,3,2.0,1910,11576,1.0,0,0,3,7,1410,500,1978,0,98011,47.7356,-122.198,2040,8750
3331001995,509990.0,3,2.0,1440,4859,2.0,0,0,2,6,1440,0,1921,0,98118,47.5503,-122.285,1360,4558
2155500030,380000.0,4,1.75,1720,9600,1.0,0,0,4,8,1720,0,1969,0,98059,47.4764,-122.155,1660,10720
4206901200,785000.0,4,1.5,2220,4000,1.5,0,0,3,8,1970,250,1925,0,98105,47.6564,-122.325,1984,4000
8001600130,289950.0,3,2.5,1770,9450,1.0,0,0,3,8,1770,0,1988,0,98001,47.3196,-122.272,2200,8582
5710610800,575000.0,3,1.75,2680,8625,1.0,0,0,5,8,1590,1090,1974,0,98027,47.5316,-122.056,2620,14275
7283900010,350000.0,3,1.0,1080,7000,1.0,0,0,4,6,1080,0,1916,0,98133,47.7637,-122.351,1410,7214
5318100504,524000.0,2,2.0,1450,2272,1.0,0,0,4,6,750,700,1924,0,98112,47.633,-122.282,2170,4370
8917100020,1150000.0,3,1.5,2170,16600,1.0,1,2,3,10,1130,1040,1979,0,98052,47.6307,-122.088,3130,13875
3585901085,2005000.0,6,4.5,3810,28176,1.0,0,4,5,10,3810,0,1969,0,98177,47.7612,-122.381,3810,26400
8080400045,600000.0,2,1.0,1040,3600,1.0,0,0,4,7,1040,0,1919,1980,98112,47.619,-122.311,2250,4800
1402950100,305000.0,4,2.5,2430,5959,2.0,0,0,3,8,2430,0,2002,0,98092,47.3348,-122.19,2100,5414
2767603962,462550.0,2,1.75,1070,1276,3.0,0,0,3,8,1070,0,2006,0,98107,47.6719,-122.39,1290,2057
2592210150,822000.0,3,2.5,2290,9158,2.0,0,0,4,8,2290,0,1984,0,98006,47.5476,-122.14,2210,9588
5420300240,270000.0,3,1.75,1800,7763,1.0,0,0,3,6,1470,330,1984,0,98030,47.3766,-122.184,1440,7483
4046500720,470950.0,3,2.5,2560,16420,2.0,0,0,4,8,2560,0,1989,0,98014,47.6916,-121.916,2120,16298
6004510240,350000.0,4,2.5,2530,10155,2.0,0,0,3,8,2530,0,1998,0,98042,47.351,-122.146,2330,7205
3959401645,355000.0,2,1.75,1650,4000,1.0,0,0,4,7,950,700,1947,0,98108,47.5622,-122.319,1060,4110
7224000545,370000.0,4,3.0,2130,4838,1.5,0,0,4,7,2130,0,1930,0,98055,47.4871,-122.203,1070,4838
7203220130,994900.0,4,3.5,3695,6556,2.0,0,0,3,9,3695,0,2014,0,98053,47.683,-122.015,4160,6786
8078400020,485000.0,3,2.25,1570,8111,2.0,0,0,3,8,1570,0,1984,0,98074,47.6324,-122.028,1990,7875
2412600070,230000.0,6,3.0,2180,7220,2.0,0,0,3,7,2180,0,1980,0,98003,47.3046,-122.305,2260,7344
4168000060,153000.0,3,1.0,1200,10500,1.0,0,0,3,7,1200,0,1962,0,98023,47.322,-122.351,1350,10500
1926059094,330000.0,3,1.75,1340,10276,1.0,0,0,4,7,1340,0,1961,0,98034,47.7207,-122.222,2950,7987
8924100370,1205000.0,4,3.5,3590,5335,2.0,0,2,3,9,3140,450,2006,0,98115,47.6762,-122.267,2100,6250
3023000050,310000.0,3,2.5,1760,10137,2.0,0,0,3,8,1760,0,2010,0,98038,47.355,-122.059,2000,6935
2822049148,217000.0,3,1.0,1110,9827,1.0,0,0,3,7,1110,0,1966,0,98198,47.369,-122.311,1540,10187
925059193,1065000.0,4,3.75,4260,9800,2.0,0,0,3,10,4260,0,2008,0,98033,47.6739,-122.172,1950,8970
1890000225,725000.0,6,1.75,2380,4080,2.0,0,0,3,8,2380,0,1917,0,98105,47.6629,-122.325,2030,4080
9536600810,380000.0,4,2.5,1984,32400,1.0,0,0,3,8,1564,420,1962,0,98198,47.36,-122.318,1390,9152
7277100610,380000.0,2,1.0,1120,7560,1.0,0,1,3,6,1120,0,1947,0,98177,47.77,-122.39,1120,7200
622059031,759600.0,4,1.0,1540,115434,1.5,0,0,4,7,1540,0,1923,0,98031,47.4163,-122.22,2027,23522
5297200089,664000.0,2,1.75,1720,5785,1.0,0,0,3,6,860,860,1948,2002,98118,47.5554,-122.274,1680,5184
1545802850,286000.0,4,2.5,1820,7930,2.0,0,0,5,7,1820,0,1989,0,98038,47.359,-122.05,1490,7930
1437500035,155000.0,2,1.0,1010,43056,1.5,0,0,3,5,1010,0,1990,0,98014,47.7105,-121.316,830,18297
1189000025,659000.0,3,1.5,1540,5040,2.0,0,0,3,8,1540,0,1907,0,98122,47.6138,-122.299,1590,3600
1926049154,465000.0,2,1.5,1450,27075,1.0,0,0,3,7,1450,0,1940,0,98133,47.7281,-122.353,1890,10599
200500700,531000.0,3,2.5,2120,9736,2.0,0,0,3,9,2120,0,1988,0,98011,47.7374,-122.219,2490,8763
9335400005,292000.0,4,1.75,2130,11097,1.0,0,0,3,7,1370,760,1952,0,98166,47.4629,-122.356,1850,11097
5417600130,301000.0,2,1.0,910,9000,1.0,0,0,3,5,910,0,1923,0,98065,47.526,-121.81,1290,9000
2025700200,265000.0,3,1.75,1450,5858,1.0,0,0,4,7,1450,0,1991,0,98038,47.3482,-122.037,1520,6573
4122700020,850000.0,5,2.0,2310,13430,1.5,0,0,4,8,2310,0,1966,0,98004,47.6395,-122.203,2810,13906
4054530240,1400000.0,4,3.5,4380,66613,1.5,0,0,3,11,4380,0,1993,0,98077,47.7279,-122.048,4010,70109
710300010,680000.0,4,2.75,2720,54048,2.0,0,0,3,8,2720,0,1985,0,98072,47.7181,-122.089,2580,37721
7852040210,449950.0,4,2.5,2470,3811,2.0,0,0,3,8,2470,0,1999,0,98065,47.5362,-121.877,2400,4266
2767603824,459000.0,2,2.5,1240,1249,3.0,0,0,3,8,1240,0,2006,0,98107,47.6718,-122.386,1240,2500
9477100490,441500.0,3,1.75,1510,7700,1.0,0,0,3,7,1510,0,1968,0,98034,47.7283,-122.194,1440,7416
6362900080,525000.0,6,3.0,2880,7560,2.0,0,0,3,7,2880,0,1980,0,98144,47.5959,-122.3,1470,1815
9322800210,879950.0,4,2.25,3500,13875,1.0,0,4,4,9,1830,1670,1938,0,98146,47.5083,-122.388,2960,15000
4310701575,429000.0,3,3.25,1410,1246,3.0,0,0,3,8,1410,0,2005,0,98103,47.6981,-122.34,1410,1253
2624049167,461550.0,3,1.5,2090,11895,1.0,0,0,3,7,1790,300,1954,0,98118,47.5362,-122.267,2180,11072
2991000160,312500.0,4,0.5,2300,5570,2.0,0,0,3,8,2300,0,1996,0,98092,47.3285,-122.168,1820,6371
2690100170,300000.0,3,2.5,1960,1477,2.0,0,0,3,7,1670,290,2012,0,98059,47.4873,-122.166,1980,1467
4083305870,705000.0,2,2.0,1650,6840,1.5,0,0,5,7,1650,0,1916,0,98103,47.6512,-122.338,1700,4560
8648210140,265000.0,3,2.25,1510,6071,1.0,0,0,4,7,1150,360,1985,0,98042,47.3619,-122.077,1510,7271
2700200040,399000.0,4,2.5,2480,4334,2.0,0,0,3,8,2480,0,2012,0,98038,47.3826,-122.036,2480,5632
8947800080,300000.0,3,1.0,970,12300,1.0,0,0,3,7,970,0,1982,0,98028,47.7335,-122.227,2040,9994
8570900038,340000.0,3,2.0,1140,11620,1.0,0,0,3,7,1140,0,1994,0,98045,47.4991,-121.783,1140,8400
7849202299,320000.0,0,2.5,1490,7111,2.0,0,0,3,7,1490,0,1999,0,98065,47.5261,-121.826,1500,4675
7437100340,360000.0,4,2.5,1900,5889,2.0,0,0,3,7,1900,0,1992,0,98038,47.349,-122.031,1870,6405
2872900390,507000.0,3,2.25,1810,8158,1.0,0,0,3,8,1450,360,1984,0,98074,47.6258,-122.038,1740,9532
1453602309,288000.0,0,1.5,1430,1650,3.0,0,0,3,7,1430,0,1999,0,98125,47.7222,-122.29,1430,1650
9562200090,925000.0,4,3.0,3580,35261,1.5,0,0,3,10,3580,0,1985,0,98072,47.7577,-122.134,3540,36750
1332200110,300000.0,4,2.5,2200,8065,2.0,0,0,3,7,2200,0,1998,0,98031,47.4042,-122.213,2641,8535
2916200091,734000.0,4,2.5,2180,7204,2.0,0,0,3,8,2180,0,2014,0,98133,47.7221,-122.352,1500,7650
6669000070,1000000.0,4,1.75,1780,11436,1.0,0,0,5,9,1780,0,1967,0,98004,47.6273,-122.194,2100,12052
4046601420,340000.0,3,2.0,1570,14992,1.0,0,0,3,8,1570,0,2001,0,98014,47.6965,-121.922,1640,15000
7298020140,515000.0,3,2.75,3290,11441,2.0,0,0,4,10,3290,0,1988,0,98023,47.3052,-122.34,2600,12070
993000307,360000.0,3,2.0,1270,1323,3.0,0,0,3,8,1270,0,2006,0,98103,47.6934,-122.342,1330,1323
1471610060,370000.0,3,1.75,1570,16817,2.0,0,0,3,7,1570,0,1982,0,98045,47.4716,-121.756,1600,16817
1972200382,387000.0,2,1.5,1010,948,3.0,0,0,3,8,1010,0,1999,0,98103,47.6529,-122.355,1330,1318
624110610,1085000.0,4,3.25,3740,12080,1.0,0,0,3,10,2000,1740,1988,0,98077,47.7214,-122.056,4210,15277
522069022,599000.0,5,2.5,2950,72309,2.0,0,0,3,8,2950,0,2006,0,98058,47.4186,-122.079,1480,56192
4048400185,352000.0,2,0.75,760,33801,1.0,0,0,4,4,760,0,1931,0,98059,47.4703,-122.076,1100,39504
6150200180,290000.0,2,1.0,850,6800,1.0,0,0,3,7,850,0,1948,0,98133,47.7282,-122.337,870,6800
2226069018,805000.0,4,2.5,3960,38615,2.0,0,0,3,10,3960,0,2000,0,98077,47.7249,-122.024,3290,43560
1926059039,799950.0,4,2.5,3320,7429,2.0,0,0,3,9,3320,0,2014,0,98034,47.7189,-122.225,1840,7429
9528102870,818900.0,3,1.0,1080,4120,1.0,0,0,3,7,980,100,1919,0,98115,47.6771,-122.319,1280,3090
4249000230,766000.0,3,2.5,2270,9822,2.0,0,0,3,9,2270,0,1988,0,98052,47.6685,-122.137,2790,8089
6021501635,825000.0,4,2.5,2560,4000,2.0,0,0,5,8,1610,950,1929,0,98117,47.6885,-122.386,1760,4000
393000142,372000.0,4,2.5,2070,8658,2.0,0,0,3,8,2070,0,1999,0,98178,47.5072,-122.257,2010,7215
2723069147,635000.0,3,2.25,2680,175982,1.0,0,0,3,9,2680,0,2004,0,98038,47.4487,-122.033,3170,215186
1951800040,488800.0,4,2.25,2170,9665,1.0,0,0,4,8,1300,870,1976,0,98006,47.5444,-122.165,2170,12054
7853320550,425000.0,4,2.5,2070,4427,2.0,0,0,3,7,2070,0,2007,0,98065,47.5208,-121.869,2070,4556
9521100880,588000.0,3,1.5,1780,4200,1.5,0,0,4,8,1780,0,1916,0,98103,47.662,-122.349,1380,3333
3831250150,435000.0,3,2.75,2692,6197,2.0,0,0,3,9,2692,0,2007,0,98030,47.3569,-122.202,2336,5700
7199320190,618000.0,4,2.25,2470,7350,1.0,0,0,3,7,1600,870,1978,0,98052,47.6936,-122.128,1970,7700
2571910420,320000.0,4,2.5,2050,8424,2.0,0,0,4,8,2050,0,1993,0,98022,47.196,-122.011,1970,8448
5309100140,880000.0,4,2.5,3030,3841,3.0,0,0,3,9,3030,0,2005,0,98117,47.6781,-122.369,1080,4922
1722069097,540000.0,3,2.5,3100,100188,1.0,0,0,4,7,1820,1280,1981,0,98038,47.3928,-122.066,2430,104979
8946390040,375000.0,6,2.25,3206,5793,2.0,0,0,3,7,3206,0,2012,0,98032,47.369,-122.287,2527,5804
2155000160,538000.0,4,1.75,1840,9600,1.0,0,0,3,7,1220,620,1967,0,98052,47.6579,-122.125,1770,9720
7010700660,807000.0,3,2.5,1940,4000,2.0,0,0,4,9,1940,0,2000,0,98199,47.659,-122.398,1410,4000
8082400011,570000.0,2,1.0,910,4301,1.0,0,0,4,7,910,0,1923,0,98117,47.6814,-122.399,1810,4301
2540820010,750000.0,4,2.5,2930,8641,2.0,0,0,3,8,2930,0,2010,0,98034,47.7199,-122.246,2120,11175
5451200530,825000.0,4,2.25,2110,12653,2.0,0,0,4,8,2110,0,1972,0,98040,47.536,-122.225,2350,10980
293070010,849990.0,4,2.75,3300,4987,2.0,0,0,3,9,3300,0,2014,0,98074,47.6175,-122.056,3520,5453
7312400325,275000.0,2,1.0,770,4840,1.0,0,0,4,7,770,0,1927,0,98126,47.551,-122.376,930,4840
1061500360,287000.0,5,1.5,2040,11772,1.0,0,0,4,7,1030,1010,1963,0,98056,47.5015,-122.166,1560,9435
1912100875,555000.0,2,2.25,1370,1248,2.0,0,0,3,7,1200,170,2000,0,98102,47.6399,-122.32,1800,3360
1836980160,807100.0,4,2.5,2680,4499,2.0,0,0,3,9,2680,0,1999,0,98006,47.565,-122.125,2920,4500
3326059191,410000.0,4,2.0,1580,9581,1.0,0,0,3,7,1580,0,1953,0,98033,47.692,-122.165,1580,10552
3575303430,780000.0,6,4.25,4310,10000,2.0,0,0,3,8,2950,1360,2008,0,98074,47.6214,-122.062,2100,10000
98300230,1459000.0,4,4.0,4620,130208,2.0,0,0,3,10,4620,0,2014,0,98024,47.5885,-121.939,4620,131007
2597000006,347500.0,3,1.5,1180,8353,1.0,0,0,3,7,1180,0,1960,0,98155,47.7652,-122.274,1710,8748
2516000475,455000.0,2,1.0,1030,5000,1.0,0,0,5,6,1030,0,1917,0,98107,47.6585,-122.363,1550,5000
9558041130,345000.0,3,2.5,1870,3584,2.0,0,0,3,8,1870,0,2003,0,98058,47.4521,-122.121,1900,3920
4178310040,777000.0,4,2.5,3170,9900,2.0,0,0,4,8,3170,0,1979,0,98007,47.6181,-122.147,2540,12400
424069279,1180000.0,6,6.5,6260,10955,2.0,0,0,3,11,4840,1420,2007,0,98075,47.5947,-122.039,2710,12550
1172000150,238000.0,1,1.0,530,6350,1.0,0,0,5,5,530,0,1941,0,98103,47.6946,-122.357,1200,6350
4086300065,670000.0,3,1.75,1280,2147,1.5,0,0,4,7,1280,0,1910,0,98102,47.6362,-122.324,2010,2640
5502700005,330000.0,6,2.25,3040,28535,1.0,0,0,3,8,1890,1150,1951,0,98030,47.3864,-122.223,1360,8250
4310702775,280000.0,2,1.5,800,1196,2.0,0,0,3,8,800,0,2003,0,98103,47.6972,-122.341,1020,1087
7200080,239000.0,4,2.0,1980,10585,1.5,0,0,2,6,1980,0,1924,0,98055,47.4836,-122.214,1360,7810
5589900610,559950.0,5,3.0,2730,9519,1.0,0,0,3,8,1670,1060,2014,0,98155,47.7504,-122.307,1150,9519
3876312840,408000.0,3,1.75,1970,7100,1.0,0,0,3,7,1590,380,1976,0,98072,47.7353,-122.172,1790,7455
1737300130,610000.0,6,2.5,3610,12033,2.0,0,0,3,8,3210,400,1970,0,98011,47.7692,-122.219,2210,8577
9274201006,705000.0,4,2.5,2650,4316,1.5,0,0,3,8,1520,1130,1905,2013,98116,47.5866,-122.389,1690,5625
7376300060,465750.0,3,1.5,1260,10350,1.0,0,0,3,7,1260,0,1959,0,98008,47.6357,-122.123,1800,10350
3964400470,500000.0,3,1.5,2150,4000,1.5,0,0,3,7,1470,680,1928,0,98144,47.5733,-122.312,1750,4000
1568100920,1950000.0,4,2.5,3440,14554,2.0,1,4,3,8,2170,1270,2012,0,98155,47.7364,-122.286,3170,11810
5035300572,779000.0,4,1.5,2740,4912,1.0,0,0,4,8,1370,1370,1937,0,98199,47.6523,-122.412,2160,5006
5104512060,410000.0,4,3.0,2430,7243,2.0,0,0,3,8,2430,0,2003,0,98038,47.3533,-122.016,2430,7084
6403310060,539900.0,3,1.75,1650,10150,1.0,0,0,3,8,1230,420,1976,0,98033,47.6963,-122.169,1930,8958
8698100115,255000.0,3,1.75,2190,6000,1.5,0,0,4,7,2190,0,1920,0,98002,47.3063,-122.223,1610,6000
7986400180,675000.0,3,1.75,1920,4500,1.0,0,0,5,7,960,960,1924,0,98107,47.6645,-122.357,1190,4000
3329530480,241000.0,3,2.0,1770,7000,1.0,0,0,3,7,1770,0,1986,0,98001,47.3321,-122.261,1510,10462
2313900560,554000.0,3,2.0,1830,3500,1.5,0,0,5,7,1290,540,1909,0,98116,47.573,-122.383,1530,4000
5151600040,200126.0,3,2.5,2040,15463,1.0,0,0,3,8,1340,700,1968,0,98003,47.3334,-122.322,2370,12672
5379802090,170000.0,3,1.0,1250,7015,1.0,0,0,3,7,1250,0,1958,0,98188,47.4548,-122.29,1510,11460
2537500140,687500.0,4,2.75,3190,10970,2.0,0,0,3,10,3190,0,1994,0,98075,47.5862,-122.029,2850,8416
2115200125,384000.0,4,1.75,2100,7135,1.0,0,0,4,7,1050,1050,1955,0,98106,47.5353,-122.349,1730,4000
546000400,515000.0,5,2.5,1690,2402,1.5,0,0,3,7,990,700,1930,0,98117,47.6903,-122.38,1200,4005
4139400280,765000.0,3,2.5,2700,8444,2.0,0,0,3,10,2700,0,1992,0,98006,47.5597,-122.113,2840,9165
3826000560,173000.0,2,1.0,1740,8100,1.0,0,0,3,6,1050,690,1947,0,98168,47.4942,-122.304,960,8100
4311700120,105000.0,3,1.0,880,18109,1.0,0,0,4,6,880,0,1970,0,98042,47.3634,-122.101,940,11193
9324800650,587450.0,3,2.25,2190,8775,1.5,0,1,4,8,2190,0,1927,0,98125,47.7303,-122.287,1910,8145
1402600040,330000.0,4,2.25,2430,7490,2.0,0,0,3,8,2430,0,1983,0,98058,47.4406,-122.139,2070,7469
810000080,915000.0,3,2.25,2390,2750,2.0,0,0,5,8,1580,810,1925,0,98109,47.6339,-122.354,2200,5160
6021500025,631750.0,3,1.75,2360,4063,1.0,0,0,5,7,1180,1180,1940,0,98117,47.6902,-122.382,1660,4063
2061100390,475000.0,2,2.0,1440,3720,1.5,0,0,3,7,1440,0,1983,0,98115,47.6902,-122.325,1490,4308
8910500237,350000.0,3,3.25,1210,941,2.0,0,0,3,8,1000,210,2002,0,98133,47.7114,-122.356,1650,1493
5015001452,950000.0,3,2.5,2280,2296,3.0,0,0,3,9,1890,390,2013,0,98112,47.6256,-122.299,1390,4000
1703400470,375000.0,2,1.0,980,3915,1.0,0,0,4,7,980,0,1919,0,98118,47.5589,-122.29,1425,1576
7227800055,199500.0,4,2.0,1750,8116,1.0,0,0,4,5,1750,0,1943,0,98056,47.5097,-122.181,1440,7865
9421500070,528000.0,4,2.25,1910,8005,1.0,0,0,3,8,1280,630,1960,0,98125,47.7259,-122.298,1860,8010
2561360120,475000.0,3,2.0,1230,11502,1.0,0,0,4,7,1230,0,1984,0,98052,47.7017,-122.127,1660,11727
4235400255,405000.0,2,1.0,720,4323,1.0,0,0,3,6,720,0,1942,0,98199,47.6604,-122.401,1460,3300
7227500865,141800.0,2,1.0,930,4743,1.0,0,0,4,5,930,0,1942,0,98056,47.4966,-122.187,930,4779
8073000480,869000.0,2,1.75,1900,13122,1.0,1,4,3,7,1100,800,1954,0,98178,47.5121,-122.248,1650,13160
7889600190,229000.0,3,1.0,1590,6240,1.0,0,0,3,7,1060,530,1956,0,98146,47.4936,-122.337,1410,6240
8687800150,294000.0,3,2.0,1650,11256,1.0,0,0,4,7,1250,400,1957,0,98168,47.4707,-122.26,1860,11256
3224059033,555000.0,4,1.5,3050,82764,1.0,0,0,3,8,1650,1400,1966,0,98056,47.5266,-122.189,2930,10074
1446800710,309000.0,3,1.0,1140,6400,1.0,0,0,3,7,1140,0,1962,0,98168,47.4902,-122.331,1340,6650
2788400090,250000.0,3,1.0,1700,7700,1.0,0,0,3,7,1120,580,1960,0,98168,47.5114,-122.318,1700,8800
8039900130,458000.0,3,1.5,1570,12196,1.0,0,0,4,7,1570,0,1972,0,98045,47.4866,-121.786,1740,12196
5450300195,830000.0,4,2.75,2090,13500,1.0,0,0,4,8,2090,0,1949,0,98040,47.573,-122.225,2130,13500
5652601425,595000.0,4,2.5,2030,10722,1.0,0,0,3,7,1100,930,1967,0,98115,47.6955,-122.301,1610,9134
3893100319,450000.0,3,1.75,1390,11700,1.0,0,0,4,7,1390,0,1966,0,98033,47.7002,-122.192,1060,8686
1402650110,415000.0,3,2.5,2480,8342,2.0,0,0,3,8,2480,0,1986,0,98058,47.4381,-122.134,2300,8303
1036000280,675000.0,4,1.75,2440,7475,1.0,0,0,4,9,2040,400,1969,0,98052,47.6339,-122.096,2040,8480
2782100280,672500.0,4,2.75,2620,6707,2.0,0,0,3,9,2620,0,2000,0,98075,47.5965,-122.038,2590,6530
5226500250,478000.0,4,2.5,2780,7290,2.0,0,0,3,8,2780,0,1989,0,98059,47.509,-122.157,2450,7738
1929300052,740000.0,3,2.5,2200,3000,2.0,0,0,3,9,1530,670,2002,0,98109,47.6451,-122.35,2200,3300
582000675,580000.0,2,1.5,1990,6000,1.0,0,0,3,6,1430,560,1944,0,98199,47.6521,-122.398,1350,6000
3225079035,1600000.0,6,5.0,6050,230652,2.0,0,3,3,11,6050,0,2001,0,98024,47.6033,-121.943,4210,233971
3056800160,370500.0,4,2.5,1790,6120,2.0,0,0,3,7,1790,0,2005,0,98059,47.4829,-122.128,1950,5660
3751604974,350000.0,2,1.5,1320,73600,1.0,0,0,3,7,1320,0,1993,0,98001,47.2755,-122.271,1320,33600
1099760230,291000.0,3,2.25,1480,7200,1.0,0,0,3,7,1190,290,1975,0,98023,47.3037,-122.375,1830,7200
2402100205,412133.0,2,1.0,920,4400,1.0,0,0,3,7,920,0,1948,0,98103,47.6903,-122.332,1560,4600
3448000755,399950.0,3,1.5,2080,5244,1.0,0,0,3,7,1190,890,1959,0,98125,47.7144,-122.293,1850,6982
2207100650,499990.0,3,1.75,1630,8400,1.0,0,0,4,7,1060,570,1955,0,98007,47.5983,-122.149,1630,7245
5104512070,412000.0,4,3.0,2430,7242,2.0,0,0,3,8,2430,0,2003,0,98038,47.3533,-122.015,2430,7242
3214200070,457500.0,3,1.0,1210,7636,1.0,0,0,4,7,1210,0,1952,0,98118,47.5377,-122.266,1530,5900
8121101380,475000.0,3,1.0,1380,4635,1.0,0,0,4,6,1380,0,1919,0,98144,47.57,-122.285,1790,4635
8731901940,218000.0,5,1.75,1930,8040,1.0,0,0,4,8,1930,0,1966,0,98023,47.3109,-122.376,2370,8000
318300040,649000.0,5,3.25,3990,13087,2.0,0,0,3,9,2400,1590,1991,0,98042,47.3632,-122.061,2580,13633
4077800474,571500.0,4,1.75,1920,7455,1.0,0,0,4,7,960,960,1939,1964,98125,47.7106,-122.286,1920,7455
7852090750,576000.0,4,2.5,2590,5756,2.0,0,0,3,8,2590,0,2001,0,98065,47.5356,-121.875,2620,6109
7603100095,1260000.0,3,3.0,3230,8625,2.0,0,3,3,10,2220,1010,1998,0,98116,47.562,-122.404,2330,6022
8645500270,246000.0,4,1.75,1720,7455,1.0,0,0,4,7,1020,700,1963,0,98058,47.4669,-122.182,1720,7700
3421049044,289000.0,2,1.75,2056,52333,1.0,0,0,4,7,1048,1008,1980,0,98001,47.2592,-122.291,2220,6458
9276200569,769900.0,4,3.5,2730,3047,2.0,0,0,3,8,2400,330,2006,0,98116,47.5797,-122.391,1980,4600
1549500585,585000.0,3,2.0,2220,209523,1.0,0,0,3,7,2220,0,1991,0,98019,47.7586,-121.911,1600,210830
9528102996,549000.0,3,1.75,1540,1044,3.0,0,0,3,8,1540,0,2014,0,98115,47.6765,-122.32,1580,3090
7745000090,565000.0,4,2.25,2470,7447,2.0,0,0,3,8,2470,0,1984,0,98155,47.7514,-122.286,2270,7400
868000530,645000.0,3,1.75,2270,11472,1.0,0,0,4,7,1370,900,1956,0,98177,47.7057,-122.374,2270,8340
2818600010,1185000.0,7,3.5,3890,8342,2.0,0,4,3,9,2840,1050,1968,0,98117,47.7011,-122.392,2870,8342
2473002650,495000.0,4,2.5,2400,11640,1.0,0,0,5,8,1800,600,1968,0,98058,47.4485,-122.139,2440,10823
8899000190,301000.0,3,1.75,1840,7200,1.0,0,0,4,7,1220,620,1968,0,98055,47.456,-122.209,1770,8075
7420200050,623000.0,3,2.5,1850,7777,2.0,0,0,5,8,1850,0,1989,0,98033,47.6908,-122.169,1850,8482
2423020270,470000.0,3,2.25,1780,8784,1.0,0,0,3,7,1230,550,1977,0,98033,47.701,-122.172,1780,7704
1771000760,319000.0,3,1.0,1390,12823,1.0,0,0,4,7,1390,0,1968,0,98077,47.7438,-122.075,1390,10095
522069119,550000.0,3,2.5,2720,62310,1.0,0,0,3,8,2040,680,1985,0,98038,47.4168,-122.074,2770,204296
4331000265,167000.0,3,2.0,1520,7456,1.0,0,0,3,7,1520,0,1949,0,98166,47.4745,-122.343,1740,8464
7701960720,1080000.0,4,2.5,4200,35267,2.0,0,0,3,11,4200,0,1990,0,98077,47.7108,-122.071,3540,22234
3629790160,524250.0,3,2.5,1710,3469,2.0,0,0,3,8,1710,0,1999,0,98029,47.546,-122.011,2120,3560
7853280620,689000.0,4,3.5,4490,5805,2.0,0,0,3,9,3390,1100,2006,0,98065,47.5389,-121.86,4410,6299
1257200115,1003000.0,4,2.75,2290,6120,2.0,0,0,4,7,2170,120,1926,0,98115,47.6746,-122.327,1910,4590
6083000123,158000.0,3,1.0,1140,10477,1.0,0,0,3,6,1140,0,1942,0,98168,47.4874,-122.306,1190,9750
9557300040,539000.0,5,2.25,2590,7245,1.0,0,0,3,8,1510,1080,1973,0,98008,47.6398,-122.111,1930,7245
2481610170,965000.0,4,2.25,3160,34560,1.0,0,0,4,10,3160,0,1981,0,98072,47.7337,-122.132,3530,38045
6123600285,185000.0,3,1.5,1010,7755,1.0,0,0,3,6,1010,0,1953,0,98148,47.4238,-122.332,1270,8350
8078430360,505000.0,3,2.5,1820,11012,2.0,0,0,3,8,1820,0,1988,0,98074,47.6358,-122.026,1860,7767
2919700735,870000.0,4,3.5,2780,3100,2.0,0,0,3,8,2120,660,2014,0,98117,47.6886,-122.364,1740,3600
9362000080,1600000.0,5,3.5,4050,20925,2.0,0,3,3,10,3020,1030,1973,2005,98040,47.5348,-122.241,3880,18321
9274200314,568000.0,3,2.5,1740,1279,3.0,0,0,3,8,1740,0,2008,0,98116,47.5891,-122.387,1740,1280
6117500460,1309500.0,4,2.5,2680,12215,1.0,1,4,3,9,1590,1090,1956,0,98166,47.4396,-122.353,2960,19964
1139000069,320000.0,3,1.5,1240,1221,2.0,0,0,3,8,1050,190,2009,0,98133,47.7073,-122.356,1180,887
8835220210,355000.0,3,1.5,1370,4790,2.0,0,0,4,7,1370,0,1982,0,98034,47.7253,-122.164,1370,3799
8165501700,325000.0,2,2.25,1550,2285,2.0,0,0,3,8,1550,0,2007,0,98106,47.5398,-122.369,1550,2135
6979940050,800000.0,5,2.5,3320,9024,2.0,0,0,3,9,3320,0,1999,0,98075,47.5865,-122.056,3320,7665
4307340490,325000.0,4,2.5,1960,3543,2.0,0,0,3,7,1960,0,2004,0,98056,47.4849,-122.184,2420,3646
8078570460,305500.0,4,2.5,1850,7199,2.0,0,0,4,7,1850,0,1989,0,98031,47.4031,-122.172,1940,7432
5690500095,735000.0,3,3.25,2960,39370,2.0,0,0,3,10,2960,0,1989,0,98011,47.7452,-122.202,2960,56628
7302900090,555000.0,4,2.25,3330,21785,2.0,0,0,3,9,3330,0,1994,0,98059,47.4725,-122.136,3330,21796
5315100277,1400000.0,5,4.25,3530,7924,2.0,0,0,3,10,3530,0,2001,0,98040,47.5894,-122.243,1750,9226
7334400070,392000.0,3,1.5,1500,11975,1.0,0,0,4,7,1500,0,1970,0,98045,47.4658,-121.758,1510,13875
3438503014,230000.0,2,1.0,870,7020,1.0,0,0,4,6,570,300,1942,0,98106,47.5404,-122.352,1730,7020
7936000403,568000.0,3,1.75,2050,3520,1.0,0,0,4,7,1070,980,1977,0,98136,47.5536,-122.399,2050,16083
8161010060,504750.0,3,2.5,2490,21937,2.0,0,0,3,8,2490,0,1993,0,98014,47.6442,-121.898,2450,21937
1786700080,470000.0,4,2.5,2700,6769,2.0,0,0,3,9,2700,0,1999,0,98042,47.3753,-122.155,2880,7968
7812800681,166000.0,2,1.0,870,8487,1.0,0,0,4,6,870,0,1944,0,98178,47.4955,-122.239,1350,6850
7631800025,1035000.0,4,3.25,3450,11240,2.0,0,3,4,10,2430,1020,1960,2001,98166,47.4556,-122.372,2412,19499
7694800070,468000.0,2,2.5,1480,2167,2.0,0,0,3,8,1390,90,2007,0,98052,47.6658,-122.132,2130,2556
1423089118,494000.0,4,2.25,1790,42000,1.0,0,0,3,7,1170,620,1983,0,98045,47.4819,-121.744,2060,50094
2619920030,760000.0,4,2.5,3220,4031,2.0,0,0,3,9,3220,0,2002,0,98033,47.688,-122.163,3150,5083
9412400185,1309500.0,4,4.5,4750,13912,2.0,0,2,3,10,3600,1150,2005,0,98118,47.5332,-122.265,3600,22124
8894000040,645000.0,3,2.75,1850,16960,1.0,0,2,4,8,1850,0,1953,0,98177,47.7128,-122.365,2470,13761
2600040160,753000.0,3,2.25,2290,9047,2.0,0,0,4,8,2290,0,1984,0,98006,47.5545,-122.163,2120,9275
6204410200,371025.0,3,2.0,1530,8925,1.0,0,0,3,7,1530,0,1977,0,98011,47.736,-122.199,2040,8856
1140000050,215000.0,3,1.75,1280,10016,1.0,0,0,4,7,1280,0,1975,0,98003,47.2823,-122.333,1670,9764
2767602094,565000.0,3,2.25,1520,1221,3.0,0,0,3,8,1520,0,2013,0,98107,47.674,-122.377,1550,4750
4432600075,725000.0,4,2.0,2110,4140,2.0,0,0,3,9,1710,400,1925,2003,98116,47.5836,-122.387,1440,4420
5416100190,346290.0,4,2.75,2690,9240,2.0,0,0,3,8,2690,0,1998,0,98022,47.1896,-122.014,2640,9240
1133000385,740000.0,5,3.75,3990,18897,2.0,0,0,3,8,3090,900,1937,2010,98125,47.7228,-122.31,2080,9793
9510970310,789500.0,4,2.5,3010,6100,2.0,0,0,3,9,3010,0,2005,0,98052,47.6647,-122.08,2890,5176
4022900150,600000.0,4,2.5,2520,10850,1.0,0,0,4,8,1680,840,1968,0,98155,47.7751,-122.284,2590,10800
2172000035,190000.0,2,1.0,930,11450,1.0,0,0,3,6,930,0,1946,0,98178,47.4862,-122.264,1150,11450
1524069044,1822500.0,4,4.5,6380,88714,2.0,0,0,3,12,6380,0,2006,0,98029,47.5592,-122.015,3040,7113
1250203335,1050000.0,4,2.5,2920,7200,1.0,0,3,3,8,1470,1450,1921,2006,98144,47.5947,-122.288,3210,6825
1873400020,340000.0,8,2.75,2790,6695,1.0,0,0,3,7,1470,1320,1977,0,98133,47.7565,-122.331,1760,7624
1774000050,480500.0,4,2.5,2180,11200,1.0,0,0,4,8,2180,0,1968,0,98072,47.7476,-122.086,1790,11200
123059042,530000.0,3,2.25,2190,220414,1.0,0,0,4,7,1330,860,1976,0,98059,47.5041,-122.102,2550,175982
3073500111,415250.0,3,1.5,1400,7550,1.0,0,0,4,7,1400,0,1953,0,98133,47.7566,-122.337,1730,7562
6813600415,515000.0,2,1.0,1060,4960,1.0,0,0,3,7,1060,0,1926,0,98103,47.6896,-122.331,1420,4960
2902200234,525000.0,3,2.25,1290,1182,2.0,0,0,3,8,1000,290,2006,0,98102,47.637,-122.327,1300,1169
669000210,1165000.0,3,2.5,2670,5000,2.0,0,3,5,9,2000,670,1942,1995,98144,47.5855,-122.292,2320,5000
1687900520,673000.0,4,2.25,2590,8190,2.0,0,0,4,8,2590,0,1980,0,98006,47.5619,-122.125,2260,8335
9407001610,271900.0,3,1.75,1890,11875,1.0,0,0,3,7,1230,660,1979,0,98045,47.4472,-121.774,1580,10920
7689600330,207000.0,3,1.0,860,7740,1.0,0,0,3,6,860,0,1960,0,98178,47.4906,-122.244,980,7200
5560000650,135000.0,3,1.0,1520,8450,1.0,0,0,2,6,1120,400,1961,0,98023,47.328,-122.337,1320,8450
9510910050,712000.0,3,2.5,2375,4094,2.0,0,0,3,9,2375,0,2002,0,98052,47.6627,-122.086,2095,4442
3797310010,277000.0,3,2.25,2160,9612,2.0,0,0,3,7,2160,0,1994,0,98022,47.1927,-122.011,1970,9247
7443000480,865000.0,4,2.0,2750,5527,2.0,0,0,3,8,2130,620,1901,1987,98119,47.6513,-122.368,1290,1764
2397100705,1518630.0,4,4.25,3650,5328,1.5,0,0,3,9,2330,1320,1907,2014,98119,47.638,-122.362,1710,3600
2436700655,515000.0,2,2.5,1330,1249,3.0,0,0,3,8,1330,0,2004,0,98105,47.6668,-122.285,1430,1328
5702450250,340000.0,3,2.0,1410,10015,1.0,0,3,3,6,1410,0,1993,0,98045,47.4948,-121.776,1570,10485
4058000010,325000.0,4,1.5,1470,70800,1.0,0,0,3,7,1470,0,1976,0,98010,47.3458,-121.948,1810,72337
8691300900,840000.0,4,2.5,3730,9847,2.0,0,0,3,10,3730,0,1997,0,98075,47.587,-121.976,3490,10219
7625703885,870000.0,4,3.0,2940,7108,2.0,0,1,3,9,2220,720,2011,0,98136,47.5437,-122.395,2240,7950
3889100029,810000.0,3,2.5,2670,10481,2.0,0,0,3,9,2670,0,2003,0,98033,47.6673,-122.176,2620,8895
3211240320,489950.0,4,2.25,2640,31941,1.0,0,0,4,9,2640,0,1986,0,98092,47.3099,-122.116,2780,35365
6840701160,680000.0,5,2.0,2140,5000,1.5,0,0,4,7,2020,120,1913,0,98122,47.6044,-122.299,1810,4400
8644300200,555000.0,4,2.75,2020,10720,1.0,0,0,4,8,1420,600,1976,0,98052,47.6373,-122.104,2190,10164
109210460,270000.0,3,2.0,2330,8000,1.0,0,0,3,7,1390,940,1986,0,98023,47.2958,-122.368,1570,7227
6600000330,718500.0,3,1.5,1200,6240,1.0,0,0,3,8,1030,170,1952,0,98112,47.6222,-122.287,2810,6240
7974200765,485000.0,3,1.0,1020,6120,1.0,0,0,3,7,1020,0,1941,0,98115,47.6787,-122.285,2370,6695
5469700260,340000.0,4,2.25,2530,24700,2.0,0,0,3,7,2530,0,1974,0,98031,47.3939,-122.177,2650,24700
726059048,490500.0,3,2.0,3000,21883,2.0,0,0,3,7,1970,1030,1998,0,98011,47.7599,-122.214,2280,14025
8029740060,345000.0,5,2.75,1940,4182,1.0,0,0,3,7,1240,700,2002,0,98056,47.4911,-122.17,1950,4182
1081200070,405000.0,3,2.5,2460,12600,1.0,0,0,4,8,1810,650,1970,0,98059,47.473,-122.118,1820,11180
3902300350,606000.0,4,2.25,2390,8858,1.0,0,0,4,8,1740,650,1979,0,98033,47.6925,-122.184,2240,8858
7504020400,615000.0,4,2.25,2360,15860,1.0,0,0,3,9,2360,0,1977,0,98074,47.6307,-122.051,2650,11798
7568700260,335900.0,2,1.0,1120,7440,1.0,0,0,4,7,1120,0,1939,0,98155,47.7405,-122.323,1170,7440
6072400280,619850.0,4,2.5,2270,9247,1.0,0,0,5,8,1500,770,1972,0,98006,47.5602,-122.176,2270,9163
7853230270,435000.0,3,2.5,2370,6082,2.0,0,0,3,7,2370,0,2004,0,98065,47.5288,-121.846,2690,6152
5116060030,315000.0,2,2.25,1290,2436,2.0,0,0,3,7,1290,0,1984,0,98052,47.6803,-122.156,1360,3088
6187500080,637000.0,5,3.0,2460,7240,1.0,0,0,3,9,1840,620,1991,0,98006,47.5486,-122.189,2530,7885
2413300810,291000.0,4,2.25,1890,7616,1.0,0,0,4,8,1260,630,1979,0,98003,47.3275,-122.329,1890,7420
9113200250,840000.0,4,2.5,2480,4602,2.0,0,0,3,9,2480,0,2000,0,98052,47.6835,-122.161,3480,5739
4379400260,695000.0,3,2.75,2540,4694,2.0,0,0,3,9,2540,0,2005,0,98074,47.6214,-122.024,2600,6344
7749500370,225000.0,4,2.25,1800,9350,1.0,0,0,3,8,1800,0,1969,0,98092,47.2959,-122.191,2060,8800
7011201106,425000.0,2,1.5,830,1241,2.0,0,0,3,7,830,0,2005,0,98119,47.6363,-122.368,1610,2666
904000045,1289000.0,3,2.5,2190,11394,1.0,0,0,3,8,1550,640,1956,0,98199,47.6685,-122.409,2190,9540
8598900125,443000.0,3,1.75,1530,8028,1.0,0,0,3,7,1200,330,1967,0,98177,47.7768,-122.361,1530,8028
250000090,1750000.0,4,4.5,4650,7660,2.0,0,0,3,11,3640,1010,2008,0,98004,47.6349,-122.198,1710,8400
8044050040,419950.0,4,2.5,2260,5164,2.0,0,0,3,8,2260,0,1996,0,98056,47.509,-122.166,2260,5866
3303960060,1068000.0,5,3.5,3990,9938,2.0,0,0,3,11,3990,0,2001,0,98059,47.5198,-122.156,3490,11734
2568300045,305000.0,6,2.0,1900,8240,1.0,0,0,2,7,1200,700,1964,0,98125,47.7037,-122.296,1900,8240
8018600880,110000.0,2,1.0,800,15000,1.0,0,0,3,6,800,0,1927,0,98168,47.4932,-122.316,1170,15000
1079450410,450000.0,5,2.5,2510,10240,1.0,0,0,4,8,1410,1100,1984,0,98059,47.4732,-122.141,2170,10500
8041100010,377000.0,3,1.75,1820,34800,1.0,0,0,4,6,1820,0,1967,0,98027,47.4616,-121.98,2570,52707
3912000020,745000.0,3,2.0,2290,5001,1.0,0,0,4,7,1490,800,1960,0,98103,47.6909,-122.339,1230,5001
6385910260,272750.0,4,1.5,1800,8786,1.0,0,0,3,7,1330,470,1966,0,98146,47.4982,-122.345,1780,8664
8929000250,395000.0,2,1.75,1210,1161,2.0,0,0,3,8,1210,0,2014,0,98029,47.5513,-121.998,1700,2285
3629950010,470000.0,3,3.25,1710,2381,2.0,0,0,3,8,1360,350,2003,0,98029,47.5477,-122.004,1420,1163
7923250090,1500000.0,3,3.0,3110,9015,1.0,0,4,4,10,1590,1520,1980,0,98033,47.6624,-122.202,3150,11447
6632300212,366750.0,3,3.0,1571,2017,3.0,0,0,3,8,1571,0,2008,0,98125,47.7338,-122.309,1520,1497
1726069179,432000.0,3,1.75,2410,51763,1.0,0,0,4,8,1410,1000,1981,0,98077,47.7429,-122.056,2410,49207
1023059246,437000.0,3,2.75,2580,5200,2.0,0,0,3,8,2580,0,2008,0,98059,47.496,-122.151,2700,5602
1821059264,224000.0,4,1.5,1600,9289,1.0,0,0,4,7,1600,0,1959,0,98002,47.3107,-122.212,1540,9918
2225300149,323000.0,4,1.75,1440,8114,1.0,0,0,4,7,1440,0,1963,0,98155,47.7639,-122.332,1940,7208
7852190410,600000.0,3,2.5,3240,8016,2.0,0,0,3,8,2910,330,2004,0,98065,47.5382,-121.877,2990,7561
5495200040,610000.0,5,3.25,3490,23400,1.0,0,0,4,8,1890,1600,1957,0,98006,47.5701,-122.124,2660,12400
1423200170,223000.0,2,1.0,910,9869,1.0,0,0,3,6,910,0,1957,0,98058,47.4572,-122.184,1480,9750
100300500,333000.0,3,2.5,1520,3041,2.0,0,0,3,7,1520,0,2009,0,98059,47.4874,-122.152,1820,3229
5212000020,630100.0,4,2.75,1910,11356,1.0,0,0,5,7,1160,750,1977,0,98033,47.6999,-122.2,1770,11357
1822059331,215000.0,3,1.5,1500,15000,1.0,0,0,3,7,1500,0,1952,0,98031,47.3926,-122.208,1790,13905
6798100070,467000.0,3,1.0,1220,8040,1.5,0,0,3,7,1220,0,1965,0,98125,47.7133,-122.308,1360,8040
4242900245,618000.0,2,1.0,1890,4700,1.0,0,0,4,7,1030,860,1928,0,98107,47.6747,-122.391,2150,4700
3812400898,399950.0,5,2.0,2760,6420,1.0,0,0,5,7,1380,1380,1964,0,98118,47.5396,-122.276,1400,7112
723039189,519000.0,3,1.75,1560,26099,1.0,0,3,4,8,1560,0,1973,0,98070,47.5023,-122.467,1760,19687
5683000033,515000.0,2,1.0,910,4725,1.0,0,0,3,7,910,0,1949,0,98115,47.676,-122.281,1600,5200
5317100294,1333000.0,4,4.5,3130,5126,3.0,0,0,3,10,2450,680,2014,0,98112,47.6239,-122.29,2540,7784
7504030090,660000.0,4,1.75,2780,9900,2.0,0,0,4,10,2780,0,1978,0,98074,47.6348,-122.06,2600,12000
9264940130,350000.0,4,2.25,2390,13002,2.0,0,0,3,8,2390,0,1987,0,98023,47.3111,-122.35,2450,11200
1026069172,540000.0,4,2.5,2050,34222,2.0,0,0,4,8,2050,0,1989,0,98077,47.7572,-122.022,2240,51400
2624049185,405000.0,3,1.75,1760,5355,1.0,0,0,3,7,1160,600,1956,0,98118,47.5368,-122.267,1790,6225
2781270080,249900.0,2,2.0,1470,2541,2.0,0,0,3,6,1470,0,2005,0,98038,47.3502,-122.02,1310,2721
4222200120,240000.0,3,2.0,1460,7526,1.0,0,0,3,7,1460,0,1968,0,98003,47.3463,-122.304,1580,7526
2877100235,650000.0,5,2.0,2400,3500,1.5,0,0,3,8,1900,500,1911,0,98103,47.6762,-122.356,1520,4000
603001020,338900.0,3,1.75,1180,4000,1.0,0,0,3,7,1040,140,1929,0,98118,47.5226,-122.284,1430,4000
6181700250,350000.0,2,1.0,720,5820,1.0,0,1,5,6,720,0,1950,0,98028,47.7598,-122.255,952,5820
9459200110,315000.0,2,1.0,1740,3622,1.0,0,0,4,7,950,790,1924,0,98118,47.5541,-122.29,1270,3800
9478500570,300000.0,4,2.5,2620,4469,2.0,0,0,3,7,2620,0,2008,0,98042,47.3663,-122.115,2250,4500
3575302575,532500.0,3,2.5,2160,7500,1.0,0,1,3,7,1430,730,1979,0,98074,47.6188,-122.064,1560,7500
6413100242,400000.0,3,1.75,1730,9211,1.0,0,0,3,8,1730,0,1961,0,98125,47.7149,-122.322,1440,9211
9407000230,240000.0,3,1.0,1600,12566,1.0,0,0,4,7,1600,0,1971,0,98045,47.4431,-121.765,1600,10650
5351200265,1265000.0,4,3.25,3640,3604,2.0,0,2,5,9,1960,1680,1913,0,98122,47.6145,-122.284,1940,4600
6123000090,267000.0,3,1.5,1030,8223,1.0,0,0,4,7,1030,0,1952,0,98148,47.4282,-122.331,1460,9463
6071300180,525000.0,5,2.5,2360,10081,1.0,0,0,4,7,1180,1180,1961,0,98006,47.5552,-122.178,2200,10461
8078550190,329950.0,3,2.25,2070,7995,1.0,0,0,3,7,1350,720,1987,0,98031,47.403,-122.175,1620,6799
9545250110,750000.0,3,2.5,2560,9182,2.0,0,0,3,9,2560,0,1993,0,98027,47.5361,-122.051,2800,8784
4172100200,470000.0,3,1.0,1400,4914,1.5,0,0,3,7,1400,0,1929,0,98117,47.681,-122.364,1400,3744
2428100130,834538.0,3,2.5,2760,6187,2.0,0,0,3,10,2760,0,2014,0,98075,47.5821,-122.047,2760,6600
3223039149,395000.0,4,2.75,1970,37026,1.0,0,0,4,8,1970,0,1961,0,98070,47.4375,-122.446,1970,51836
8081650330,320000.0,4,2.5,2000,10051,2.0,0,0,3,7,2000,0,1997,0,98038,47.3625,-122.025,2000,6686
3260800030,335000.0,3,2.5,2440,7632,2.0,0,0,3,8,2440,0,1998,0,98003,47.3494,-122.301,2510,7903
1437580600,1060000.0,5,4.5,4140,7924,2.0,0,0,3,10,4140,0,2005,0,98074,47.6102,-121.993,3960,8410
7533800295,1750000.0,4,3.25,3460,7749,2.0,0,1,3,10,3020,440,1950,1998,98115,47.6849,-122.273,3030,8680
1393800005,355000.0,2,1.0,900,6656,1.0,0,0,3,7,900,0,1940,0,98126,47.5467,-122.377,1230,6400
1023059365,520000.0,3,2.5,2460,54885,2.0,0,0,4,8,2460,0,1980,0,98059,47.4996,-122.146,2770,21407
7891600260,175000.0,2,1.0,660,5000,1.0,0,0,3,6,660,0,1915,0,98106,47.5664,-122.364,1000,5000
5459000240,785000.0,3,1.75,1670,9600,1.0,0,0,5,8,1670,0,1961,0,98040,47.5754,-122.233,1900,9600
3037200045,600000.0,2,2.0,990,5416,1.0,0,0,3,6,990,0,1935,0,98122,47.604,-122.311,1650,3360
726059349,460000.0,3,1.75,1970,9135,1.0,0,0,4,7,1370,600,1961,0,98011,47.7603,-122.215,1880,9650
8651611170,868700.0,3,4.25,3840,6161,2.0,0,0,3,10,3840,0,2000,0,98074,47.6336,-122.064,3230,7709
7950302255,404500.0,2,2.0,1320,3060,1.5,0,0,4,6,1320,0,1910,0,98118,47.5643,-122.284,1410,3264
1133000036,410000.0,3,1.0,1330,5000,1.0,0,0,3,7,1120,210,1957,0,98125,47.7211,-122.308,1920,7790
222069058,729000.0,3,3.25,2250,60548,1.0,0,0,3,9,2250,0,2005,0,98038,47.4246,-122.014,2760,84070
9406500600,239950.0,2,1.5,1068,1452,2.0,0,0,3,7,1068,0,1990,0,98028,47.753,-122.244,1078,1357
8691330130,742000.0,4,2.5,2810,10986,2.0,0,0,3,10,2810,0,1997,0,98075,47.5943,-121.981,3540,10986
1245001820,776500.0,4,1.5,2290,10372,1.0,0,0,3,7,1510,780,1965,1987,98033,47.6888,-122.199,1900,8109
2561320120,366000.0,3,2.0,1350,10200,1.0,0,0,3,7,1350,0,1977,0,98074,47.6159,-122.05,1820,9600
5200087,487000.0,4,2.5,2540,5001,2.0,0,0,3,9,2540,0,2005,0,98108,47.5423,-122.302,2360,6834
7212660540,200000.0,4,2.5,1720,8638,2.0,0,0,3,8,1720,0,1994,0,98003,47.2704,-122.313,1870,7455
585000095,625000.0,3,2.5,2180,5000,1.0,0,0,4,8,1240,940,1977,0,98116,47.5828,-122.396,2000,5000
4246000180,433000.0,4,1.75,1830,9600,1.0,0,0,4,7,1010,820,1966,0,98006,47.5728,-122.125,1910,11100
5560000680,199950.0,2,1.0,1010,10057,1.0,0,0,3,6,1010,0,1961,0,98023,47.3286,-122.336,1040,8591
6073300530,529950.0,4,2.75,1860,7500,1.0,0,0,5,8,1220,640,1967,0,98056,47.5398,-122.173,2020,8137
6806100040,349950.0,4,2.5,2000,5006,2.0,0,0,3,7,2000,0,2005,0,98058,47.466,-122.147,2410,4889
5631500292,600000.0,3,3.0,3530,8345,2.0,0,0,3,10,3530,0,2006,0,98028,47.7338,-122.234,1940,9600
104550740,299000.0,3,2.5,2450,7062,2.0,0,0,3,8,2450,0,1993,0,98023,47.3061,-122.36,1960,7200
9232400055,279200.0,1,1.0,640,6350,1.0,0,0,3,5,640,0,1939,0,98117,47.6976,-122.359,1270,6350
5425700150,787500.0,4,1.75,1580,9382,1.0,0,0,3,7,1080,500,1963,0,98039,47.6353,-122.232,2010,9382
2599000370,164000.0,3,1.0,1070,8250,1.0,0,0,3,7,1070,0,1961,0,98092,47.2899,-122.192,1190,8250
9471201110,1130000.0,4,1.75,2370,8400,1.0,0,0,5,9,1270,1100,1949,0,98105,47.6716,-122.264,2370,8400
6141100445,499000.0,2,1.5,1540,6549,2.0,0,0,3,7,1540,0,1980,0,98133,47.7189,-122.353,1470,6552
2172000894,225000.0,3,1.0,1250,10200,1.0,0,0,3,6,1250,0,1965,0,98178,47.4902,-122.256,1800,8283
629410190,712000.0,3,2.75,3200,6699,2.0,0,0,3,9,3200,0,2004,0,98075,47.5884,-121.991,3020,6699
9301300270,1325000.0,3,3.0,3180,2758,2.0,0,2,3,11,2240,940,2008,0,98109,47.6377,-122.342,2420,2758
9828702666,507000.0,4,2.25,1490,956,2.0,0,0,3,7,1020,470,2005,0,98122,47.6184,-122.301,1510,1350
6071200545,541125.0,5,2.75,2740,8426,1.0,0,0,4,8,1370,1370,1960,0,98006,47.5563,-122.184,2020,8783
1898200100,355000.0,3,2.5,2400,9701,1.0,0,0,3,9,2400,0,1990,0,98023,47.3081,-122.392,2400,8258
114100758,420000.0,2,1.0,960,112384,1.0,0,0,3,7,960,0,1955,0,98028,47.7642,-122.234,1210,24875
8024200685,440000.0,3,1.5,1270,1443,3.0,0,0,3,8,1270,0,2007,0,98115,47.699,-122.317,1270,1413
3623029045,482000.0,3,1.75,2600,105587,1.0,0,0,4,7,1300,1300,1980,0,98070,47.4464,-122.497,1941,208438
2944500340,315000.0,4,2.75,2200,8580,1.0,0,0,3,8,1860,340,1991,0,98023,47.295,-122.37,2290,7816
4450700010,375000.0,3,1.75,1660,9673,1.0,0,0,3,7,1130,530,1976,0,98072,47.7628,-122.162,1260,9681
2105200010,515000.0,4,2.5,2030,39049,1.0,0,0,4,7,1530,500,1953,0,98166,47.4413,-122.345,2400,14605
2581900284,821000.0,3,2.75,2760,8476,1.0,0,0,4,8,1690,1070,1967,0,98040,47.5402,-122.215,2610,9835
442000015,445000.0,3,1.0,1050,5664,1.0,0,0,4,7,910,140,1947,0,98115,47.6897,-122.285,1500,5664
5093300325,1610000.0,4,3.5,4390,11600,2.0,0,3,3,11,3060,1330,1990,0,98040,47.5862,-122.246,3240,12000
5694500386,399950.0,2,2.25,1140,1184,2.0,0,0,3,8,1010,130,1999,0,98103,47.659,-122.346,1140,1339
7853301700,635000.0,5,2.75,3110,6621,2.0,0,0,3,9,3110,0,2006,0,98065,47.543,-121.888,3550,7953
9550204590,941000.0,4,1.75,2320,3825,1.5,0,0,5,8,1820,500,1926,0,98105,47.6659,-122.327,1940,3825
1828000050,625000.0,4,2.75,1680,11180,1.0,0,0,4,7,1680,0,1966,0,98052,47.6557,-122.127,2400,9627
2426049168,447450.0,3,2.25,1570,7200,2.0,0,0,3,8,1570,0,1991,0,98034,47.7332,-122.232,1620,7318
7520000695,151100.0,3,1.0,840,4495,1.0,0,0,3,6,840,0,1921,0,98146,47.496,-122.349,1260,7434
4221260050,589000.0,3,2.5,2250,4337,2.0,0,0,3,8,2250,0,2004,0,98075,47.5908,-122.017,2250,4721
2781280150,190000.0,2,2.5,1100,1737,2.0,0,0,3,8,1100,0,2006,0,98055,47.4499,-122.189,1610,2563
3622059088,450000.0,3,2.25,2450,42180,1.0,0,0,4,7,2450,0,1978,2000,98042,47.3549,-122.111,1440,42180
333100265,1250000.0,4,3.25,3160,10043,2.0,0,2,3,9,3160,0,2011,0,98034,47.7001,-122.238,3450,10043
1670400090,182000.0,3,1.0,1160,18055,1.0,0,0,2,5,1160,0,1950,0,98168,47.4772,-122.269,1340,10324
2787250190,645000.0,4,2.5,2860,14000,2.0,0,0,3,8,2860,0,1995,0,98019,47.7306,-121.973,2650,14564
1331900110,760000.0,4,2.5,2960,28005,2.0,0,0,3,10,2960,0,1989,0,98072,47.7477,-122.117,3510,35248
2968801075,320600.0,3,2.0,1220,7620,1.0,0,0,3,6,720,500,1947,2014,98166,47.4564,-122.352,1640,7620
7237450080,362865.0,4,2.5,2245,4301,2.0,0,0,3,8,2245,0,2014,0,98038,47.3555,-122.063,2530,4478
7518508625,900000.0,3,1.0,1560,3825,1.5,0,0,3,8,1390,170,1930,0,98117,47.6803,-122.387,1700,5100
2597500090,270000.0,5,2.5,2630,8470,1.5,0,0,4,8,2630,0,1968,0,98002,47.2863,-122.196,1780,8575
9126101511,863500.0,4,3.0,3250,2760,2.5,0,0,3,8,2420,830,1905,2007,98122,47.6104,-122.303,1260,2780
418000145,213800.0,2,1.0,740,5200,1.0,0,0,4,5,740,0,1952,0,98056,47.4934,-122.173,750,5200
1257202120,579100.0,2,1.0,1070,2754,1.0,0,0,3,7,830,240,1924,0,98103,47.6755,-122.331,1760,4080
9477200560,440000.0,3,1.75,1530,7245,1.0,0,0,4,7,1530,0,1984,0,98034,47.731,-122.191,1530,7490
8887001140,562000.0,3,3.0,3290,80471,2.0,0,2,4,8,2330,960,1975,0,98070,47.504,-122.464,1830,30494
1123049232,279000.0,5,2.5,2690,5557,2.0,0,0,3,7,2690,0,2012,0,98178,47.4914,-122.253,2090,10500
9285800055,619500.0,4,2.5,2210,5077,1.5,0,0,4,8,1480,730,1912,0,98126,47.5719,-122.377,1740,5000
3037200010,447500.0,2,2.25,1180,2090,2.0,0,0,3,7,1180,0,2004,0,98122,47.6032,-122.31,1550,2812
4038700830,575000.0,4,1.75,2330,8800,1.0,0,2,4,7,1260,1070,1961,0,98008,47.6148,-122.113,2270,8800
3717000160,287000.0,4,2.5,2240,4648,2.0,0,0,3,7,2240,0,2005,0,98001,47.3378,-122.257,2221,4557
6821102385,334000.0,2,1.0,900,1818,2.0,0,0,4,7,900,0,1945,0,98199,47.6485,-122.397,1570,1830
9465900500,605500.0,3,2.5,2830,6536,2.0,0,0,3,9,2830,0,1989,0,98072,47.7462,-122.172,2710,6954
1545803240,270000.0,3,2.25,1520,7930,1.0,0,0,3,7,1160,360,1988,0,98038,47.3605,-122.049,1530,7930
1226059101,502000.0,3,2.25,1600,45613,2.0,0,0,4,8,1600,0,1983,0,98072,47.7523,-122.117,2320,43005
2617900035,1520000.0,6,3.5,3720,11690,2.0,0,0,3,10,3720,0,2003,0,98040,47.5699,-122.226,3030,11686
7504010570,900000.0,3,2.5,3180,12600,2.0,0,0,4,11,3180,0,1978,0,98074,47.6366,-122.058,3030,12835
2132200230,325000.0,3,1.5,1320,7560,1.0,0,0,3,6,840,480,1983,0,98019,47.7451,-121.98,1210,7560
3352400004,184500.0,2,1.0,720,5880,1.0,0,0,3,6,720,0,1940,0,98178,47.5056,-122.27,1440,7200
1036100100,435000.0,3,2.5,1900,7984,2.0,0,0,3,8,1900,0,1993,0,98011,47.7433,-122.194,2650,9352
3204300610,450000.0,2,1.0,950,4560,1.5,0,0,3,7,950,0,1925,0,98112,47.6288,-122.3,2040,4560
8944320280,336000.0,3,2.5,2110,4549,2.0,0,0,4,8,2110,0,1989,0,98042,47.3885,-122.154,2110,4030
9264930970,345000.0,4,2.75,2200,13498,2.0,0,0,3,8,2200,0,1987,0,98023,47.3148,-122.35,2190,11850
1922059396,330000.0,3,2.5,2410,17424,1.0,0,0,3,7,1630,780,1978,0,98030,47.3741,-122.218,1530,11761
5200100105,620000.0,3,2.25,1660,3478,1.5,0,0,4,7,1100,560,1929,0,98117,47.6773,-122.372,1610,3478
4178300070,795000.0,4,2.5,2920,14210,2.0,0,0,4,10,2920,0,1978,0,98007,47.6196,-122.15,2840,13702
822059038,290000.0,6,4.5,2810,11214,1.0,0,0,3,8,2010,800,1958,0,98031,47.4045,-122.197,1940,8349
2113700485,399990.0,5,2.75,1690,4000,1.0,0,0,5,7,970,720,1943,0,98106,47.5312,-122.354,1240,4000
3204500340,179500.0,3,1.0,1180,32214,1.0,0,0,3,7,1180,0,1952,0,98092,47.3313,-122.198,2300,13714
3832051140,310000.0,3,2.5,2540,4775,2.0,0,0,3,7,2540,0,2006,0,98042,47.3341,-122.052,2270,5000
567000380,365000.0,2,1.5,820,1270,2.0,0,0,3,7,820,0,2009,0,98144,47.5925,-122.295,1130,1201
3623029034,230000.0,3,1.0,1120,32250,1.0,0,0,4,6,1120,0,1934,0,98070,47.447,-122.482,1010,335289
9268710220,186950.0,2,2.0,1390,1302,2.0,0,0,3,7,1390,0,1986,0,98003,47.3089,-122.33,1390,1302
1453602310,303000.0,2,1.5,1400,1650,3.0,0,0,3,7,1400,0,1999,0,98125,47.7222,-122.29,1430,1650
5458800425,795000.0,3,1.75,1930,9600,1.0,0,0,3,8,1930,0,1958,0,98040,47.5747,-122.237,2350,9840
2402100675,645000.0,3,3.75,2050,6000,2.0,0,0,5,7,1550,500,1910,0,98103,47.6873,-122.332,1780,4000
2273600250,500000.0,3,1.75,1570,8530,1.0,0,0,4,7,1190,380,1983,0,98033,47.6881,-122.184,1530,8708
726059483,660000.0,5,3.5,3160,5175,2.0,0,0,3,9,3160,0,2014,0,98011,47.755,-122.216,2100,9351
9482700075,800000.0,4,3.5,2370,3302,2.0,0,0,3,8,1610,760,1926,2014,98103,47.684,-122.341,2170,3800
2734100065,445000.0,5,1.75,2460,6846,1.5,0,0,5,7,1340,1120,1911,0,98108,47.5445,-122.321,1410,4800
8819900220,686500.0,2,1.75,1390,5025,1.5,0,0,4,8,1390,0,1928,0,98105,47.6701,-122.288,2160,5000
2919702075,532500.0,3,1.75,1620,3360,1.0,0,0,5,7,980,640,1927,0,98117,47.6886,-122.361,1400,3840
3901100030,982000.0,4,2.75,3610,8580,2.0,0,0,3,9,3610,0,2014,0,98033,47.6706,-122.173,2360,8580
3438500250,515000.0,5,3.25,2910,5027,2.0,0,0,3,8,2040,870,2013,0,98106,47.5543,-122.359,2910,5027
8044700010,630000.0,3,1.75,1940,7306,1.0,0,0,3,8,1470,470,1982,0,98052,47.6632,-122.153,2360,8865
16000545,250000.0,4,1.0,1320,11212,1.0,0,0,5,6,1320,0,1914,0,98002,47.3098,-122.209,1060,6766
4396000530,290000.0,3,1.75,1520,15090,1.0,0,0,4,7,1520,0,1968,0,98038,47.398,-121.964,1580,18618
418000310,155000.0,2,1.0,700,5200,1.0,0,0,5,6,700,0,1952,0,98056,47.4924,-122.175,1030,5200
8914200220,560000.0,4,3.0,3080,9601,2.0,0,1,3,10,3080,0,1990,0,98003,47.334,-122.332,3200,9375
3693900135,615000.0,2,1.5,1210,5000,1.5,0,0,5,6,1210,0,1907,0,98117,47.6793,-122.397,1570,5000
3260810580,345000.0,3,2.75,2190,7258,2.0,0,0,3,8,2190,0,2000,0,98003,47.3486,-122.301,2190,8645
1898600100,218250.0,3,1.5,1080,9774,1.0,0,0,3,7,1080,0,1968,0,98023,47.3155,-122.401,1190,9611
1137300890,700500.0,3,2.5,2560,35265,2.0,0,0,3,9,2560,0,1981,0,98072,47.7354,-122.095,2820,35496
6163900981,220000.0,3,1.0,1180,5002,1.5,0,0,3,7,1180,0,1946,0,98155,47.7529,-122.324,1470,8410
7996700220,375000.0,2,2.25,1640,2240,2.0,0,0,3,8,1640,0,1980,0,98133,47.7154,-122.341,1640,2240
3885802136,899000.0,4,2.5,2580,3943,2.0,0,0,3,8,2580,0,2013,0,98033,47.6853,-122.21,1700,5772
2621069017,425000.0,3,2.25,1670,107157,1.0,0,0,3,7,1670,0,2007,0,98022,47.2743,-122.009,3310,108900
6909700340,619000.0,3,2.0,1990,3000,1.5,0,2,5,8,1430,560,1927,0,98144,47.5891,-122.293,1780,5000
967000400,548000.0,5,1.5,1700,7200,1.5,0,0,3,7,1700,0,1937,0,98011,47.7614,-122.203,1460,7194
2483200010,690000.0,3,1.75,2070,6000,1.0,0,3,3,8,1340,730,1955,0,98136,47.5226,-122.382,2200,6000
3179100755,554663.0,3,2.0,1230,6802,1.5,0,0,3,7,1230,0,1940,0,98105,47.6712,-122.279,1850,6398
